,u,w,lap,m,k,fsq,t,vol
0,-10975.963,1842.4894,1828728.5,2048.0,2439.3455,1477673.0,5.0,2239.39
1,-11288.145,1374.8135,1816671.2,2048.0,2476.5242,1394673.9,10.0,2207.595
2,-11348.492,2021.9282,1889955.8,2048.0,2278.781,1504319.8,15.0,2187.1404
3,-11471.265,1919.8816,1893291.6,2048.0,2295.6028,1495019.5,20.0,2172.4219
4,-11507.537,1195.4943,1820218.5,2048.0,2192.156,1320355.2,25.0,2184.6553
5,-11539.712,989.4329,1802490.9,2048.0,2217.1096,1299944.2,30.0,2185.34
6,-11576.216,1399.6543,1847575.4,2048.0,2212.4263,1312473.8,35.0,2172.9421
7,-11595.774,1319.2574,1841863.9,2048.0,2210.5376,1270694.2,40.0,2171.0156
8,-11623.074,1430.8749,1855919.6,2048.0,2128.2488,1321447.8,45.0,2166.137
9,-11663.566,1071.0436,1825017.1,2048.0,2184.4006,1301183.1,50.0,2167.224
10,-11659.186,1546.6555,1872457.2,2048.0,2207.6404,1289438.5,55.0,2159.241
11,-11596.109,839.0466,1793308.4,2048.0,2132.196,1265763.6,60.0,2181.8328
12,-11666.75,1367.7876,1855057.0,2048.0,2176.608,1323848.6,65.0,2161.8716
13,-11598.717,1460.7465,1857635.8,2048.0,2156.1455,1358376.1,70.0,2168.3904
14,-11646.921,1471.5968,1865033.9,2048.0,2220.8208,1419693.9,75.0,2161.6929
15,-11647.223,1260.4119,1842224.2,2048.0,2128.6145,1356406.5,80.0,2166.9504
16,-11623.811,1522.0582,1865112.6,2048.0,2187.8352,1282792.6,85.0,2163.7444
17,-11750.265,993.0511,1825825.5,2048.0,2250.2122,1307215.0,90.0,2160.1204
18,-11629.117,1343.4067,1847946.6,2048.0,2197.007,1310737.8,95.0,2167.2644
19,-11652.48,1038.5469,1820163.5,2048.0,2197.0686,1287660.5,100.0,2170.487
20,-11662.81,1075.1732,1825697.8,2048.0,2163.0786,1320228.4,105.0,2167.6155
21,-11678.854,1382.965,1857567.9,2048.0,2115.4878,1313725.4,110.0,2159.6406
22,-11678.348,1194.1638,1837282.5,2048.0,2110.9026,1225809.4,115.0,2164.3838
23,-11724.552,1023.9081,1825766.0,2048.0,2094.7917,1277152.6,120.0,2162.0195
24,-11823.125,630.3502,1795393.8,2048.0,2155.271,1153512.5,125.0,2158.3247
25,-11817.278,1677.9489,1901882.6,2048.0,2114.6914,1322398.9,130.0,2137.4907
26,-11694.949,1132.3541,1834377.8,2048.0,2129.933,1285157.4,135.0,2163.4028
27,-11658.968,1204.1624,1837726.6,2048.0,2097.7483,1339605.5,140.0,2166.0996
28,-11669.242,1146.7148,1832982.5,2048.0,2194.7776,1266739.9,145.0,2166.3928
29,-11687.053,1247.4274,1845036.5,2048.0,2131.0479,1365161.0,150.0,2162.5437
30,-11722.872,1550.9458,1880210.0,2048.0,2155.1875,1324351.5,155.0,2149.6482
31,-11757.496,1181.2537,1845181.1,2048.0,2179.5972,1253315.5,160.0,2154.5007
32,-11678.914,1749.0627,1895542.1,2048.0,2166.7834,1380761.0,165.0,2152.4314
33,-11657.365,709.908,1784334.6,2048.0,2125.0232,1181289.1,170.0,2177.5454
34,-11700.938,1062.7423,1827198.6,2048.0,2196.0994,1267710.1,175.0,2164.3188
35,-11615.791,1461.8044,1860458.4,2048.0,2195.337,1380373.4,180.0,2165.8774
36,-11716.533,1026.2269,1824831.5,2048.0,2194.0493,1243580.2,185.0,2163.7295
37,-11711.96,1099.4034,1832042.1,2048.0,2131.359,1272253.5,190.0,2162.551
38,-11737.344,1005.6068,1823959.2,2048.0,2114.734,1209922.5,195.0,2160.239
39,-11674.012,1007.9962,1816756.9,2048.0,2127.7524,1196792.6,200.0,2170.4219
40,-11626.053,1734.6343,1888025.2,2048.0,2133.5522,1383894.9,205.0,2160.2012
41,-11615.689,1520.0819,1864129.9,2048.0,2200.8442,1333504.8,210.0,2165.7017
42,-11689.748,724.54144,1791530.6,2048.0,2173.8672,1259166.8,215.0,2172.8406
43,-11657.635,717.65765,1788433.4,2048.0,2133.6487,1286209.6,220.0,2176.1155
44,-11643.1455,1835.0894,1899586.1,2048.0,2180.3496,1327167.4,225.0,2155.2217
45,-11668.21,917.149,1809330.2,2048.0,2126.4373,1285092.8,230.0,2170.855
46,-11639.657,1197.0223,1834555.6,2048.0,2154.352,1296774.4,235.0,2168.7576
47,-11671.688,1054.9065,1822360.5,2048.0,2233.7903,1242348.6,240.0,2168.1829
48,-11617.474,1288.5527,1842448.8,2048.0,2099.3206,1371014.5,245.0,2168.7944
49,-11682.357,848.52655,1801961.2,2048.0,2101.2341,1213157.1,250.0,2170.5898
50,-11744.851,999.55615,1825763.9,2048.0,2166.637,1254976.4,255.0,2159.9348
51,-11743.072,1316.6688,1857848.8,2048.0,2132.9504,1329580.6,260.0,2153.8413
52,-11671.4375,1287.3258,1847658.9,2048.0,2104.8071,1310506.1,265.0,2162.2866
53,-11764.096,1261.9956,1852995.0,2048.0,2179.752,1230399.4,270.0,2153.0264
54,-11594.933,1171.9343,1827503.1,2048.0,2122.7,1306069.2,275.0,2172.9246
55,-11716.742,1386.9595,1861807.5,2048.0,2146.9329,1300321.5,280.0,2156.1401
56,-11684.132,1027.5906,1820963.8,2048.0,2085.4353,1237340.8,285.0,2167.3384
57,-11702.692,979.6542,1818408.8,2048.0,2172.1326,1239594.0,290.0,2165.508
58,-11711.847,1183.2971,1840134.5,2048.0,2152.5386,1298321.6,295.0,2160.9814
59,-11591.651,1670.5057,1878950.9,2048.0,2137.8027,1356144.9,300.0,2164.3008
60,-11656.029,1113.0471,1827399.2,2048.0,2157.055,1239000.4,305.0,2168.3738
61,-11611.94,1240.839,1837291.4,2048.0,2193.5417,1358433.1,310.0,2170.71
62,-11636.777,1264.2625,1842032.1,2048.0,2099.1042,1341768.4,315.0,2167.3562
63,-11775.383,1241.8762,1852539.9,2048.0,2169.6985,1264897.0,320.0,2151.8845
64,-11753.406,1538.3718,1880899.1,2048.0,2225.4426,1309380.8,325.0,2149.886
65,-11700.128,1448.5134,1866826.5,2048.0,2173.9568,1312788.2,330.0,2156.1497
66,-11684.848,1492.1504,1870204.6,2048.0,2117.068,1333167.0,335.0,2156.2761
67,-11672.636,1842.5918,1904689.5,2048.0,2129.2832,1388357.1,340.0,2151.5515
68,-11724.825,1729.381,1899768.1,2048.0,2181.726,1414602.9,345.0,2146.897
69,-11643.845,851.9363,1799903.9,2048.0,2060.083,1308885.6,350.0,2176.0188
70,-11737.021,817.10297,1804611.2,2048.0,2091.8025,1202161.6,355.0,2164.8474
71,-11803.65,1204.1265,1853565.9,2048.0,2109.8289,1306258.4,360.0,2148.6604
72,-11769.478,2277.8813,1959490.1,2048.0,2162.8767,1404856.4,365.0,2130.4473
73,-11781.674,1906.9364,1922063.4,2048.0,2159.9255,1355921.0,370.0,2137.2073
74,-11727.521,1901.5399,1916318.2,2048.0,2136.8962,1343259.1,375.0,2142.4163
75,-11714.151,1737.9873,1897696.9,2048.0,2139.2007,1315782.4,380.0,2148.9124
76,-11739.186,1286.2208,1855438.8,2048.0,2198.618,1321237.0,385.0,2154.8503
77,-11688.016,1494.7523,1869349.9,2048.0,2166.9963,1288664.0,390.0,2156.2593
78,-11673.507,694.6218,1785482.1,2048.0,2137.8286,1197920.2,395.0,2175.5955
79,-11651.147,1197.9832,1836454.2,2048.0,2095.0623,1347152.0,400.0,2166.7568
80,-11700.934,1326.093,1853215.9,2048.0,2176.3472,1218673.2,405.0,2158.3218
81,-11696.266,1008.6189,1820470.9,2048.0,2133.5894,1231564.2,410.0,2166.3328
82,-11724.914,1059.1685,1830106.4,2048.0,2126.2168,1298955.2,415.0,2161.3867
83,-11702.145,1147.0951,1836752.8,2048.0,2139.4363,1299063.5,420.0,2162.1406
84,-11685.8545,1453.615,1866220.2,2048.0,2156.7769,1319978.4,425.0,2157.2502
85,-11693.527,1521.9984,1873165.2,2048.0,2170.2852,1294212.5,430.0,2154.6013
86,-11647.681,1318.383,1848686.1,2048.0,2116.5432,1316710.4,435.0,2164.3916
87,-11748.121,1104.068,1836674.0,2048.0,2174.274,1249836.6,440.0,2156.0613
88,-11742.846,1092.0884,1833770.1,2048.0,2188.9219,1257372.1,445.0,2159.6506
89,-11683.974,1446.8483,1865876.2,2048.0,2143.1572,1353837.5,450.0,2158.1733
90,-11721.81,1396.3602,1861429.0,2048.0,2078.0366,1259539.0,455.0,2156.8381
91,-11730.837,790.29297,1804529.5,2048.0,2067.3894,1264588.8,460.0,2165.127
92,-11689.441,1315.8945,1851176.4,2048.0,2153.5151,1298969.8,465.0,2160.5325
93,-11743.361,1161.063,1841325.0,2048.0,2152.1382,1246357.0,470.0,2157.365
94,-11700.398,1296.591,1850728.8,2048.0,2201.1567,1265024.2,475.0,2160.7493
95,-11636.885,1722.8202,1887258.8,2048.0,2159.5027,1341977.6,480.0,2158.8628
96,-11644.607,1413.908,1858572.0,2048.0,2201.0188,1390752.8,485.0,2163.091
97,-11640.12,1430.4008,1859542.5,2048.0,2156.2178,1339837.5,490.0,2163.2434
98,-11687.465,1941.4176,1916490.8,2048.0,2178.678,1400351.6,495.0,2147.293
99,-11730.218,1620.2899,1887535.8,2048.0,2188.1602,1292549.5,500.0,2148.8376
100,-11711.303,894.0899,1811078.9,2048.0,2194.4094,1225321.5,505.0,2166.3167
101,-11675.011,1361.4224,1855437.5,2048.0,2141.2153,1311618.9,510.0,2160.2878
102,-11711.902,1140.0773,1837173.9,2048.0,2157.3293,1333824.8,515.0,2161.5547
103,-11679.772,940.19507,1813957.8,2048.0,2132.5793,1321644.1,520.0,2169.065
104,-11742.434,1746.8151,1902265.8,2048.0,2237.5298,1386080.8,525.0,2144.9258
105,-11695.87,1295.9838,1849883.6,2048.0,2156.587,1253328.2,530.0,2159.8723
106,-11723.436,1481.8525,1872408.2,2048.0,2205.421,1295241.0,535.0,2152.7874
107,-11706.882,1756.0978,1899601.0,2048.0,2153.7793,1365084.0,540.0,2148.6985
108,-11601.876,1464.6304,1859784.4,2048.0,2097.614,1374030.6,545.0,2166.95
109,-11666.037,1462.298,1864857.2,2048.0,2183.2825,1336384.6,550.0,2160.4387
110,-11695.741,1552.6045,1876928.1,2048.0,2190.678,1344607.8,555.0,2154.2625
111,-11752.806,1148.4119,1840938.2,2048.0,2148.209,1261411.4,560.0,2155.5818
112,-11747.712,1067.4174,1831129.0,2048.0,2107.5247,1202934.5,565.0,2159.2666
113,-11782.66,1211.9927,1850429.8,2048.0,2169.3625,1296565.6,570.0,2152.0452
114,-11741.528,1407.2819,1865819.0,2048.0,2104.6604,1272844.2,575.0,2152.4543
115,-11740.807,1036.2837,1827373.0,2048.0,2128.1428,1230903.4,580.0,2160.7913
116,-11725.044,1235.4495,1848801.4,2048.0,2168.9468,1339558.1,585.0,2157.0366
117,-11651.39,991.5275,1814262.2,2048.0,2131.63,1280419.6,590.0,2172.0908
118,-11702.878,1117.2985,1833792.6,2048.0,2157.3274,1293257.0,595.0,2162.8286
119,-11650.521,1489.8336,1866122.4,2048.0,2174.8442,1332243.5,600.0,2160.841
120,-11694.854,1695.931,1892958.6,2048.0,2214.3972,1379694.5,605.0,2151.072
121,-11738.4375,1228.7694,1847830.9,2048.0,2188.0916,1256719.9,610.0,2156.2512
122,-11745.889,1400.8225,1865631.2,2048.0,2172.1619,1271932.2,615.0,2151.3518
123,-11708.931,1403.2415,1863483.2,2048.0,2157.2964,1349865.4,620.0,2155.696
124,-11625.212,1243.9479,1838032.0,2048.0,2155.382,1307395.0,625.0,2168.8506
125,-11679.407,1287.35,1849962.6,2048.0,2209.524,1380142.5,630.0,2160.1726
126,-11704.448,1661.0089,1888005.6,2048.0,2180.541,1322057.1,635.0,2151.2693
127,-11617.546,1363.0951,1850404.5,2048.0,2153.36,1373456.2,640.0,2167.5928
128,-11665.879,1173.8706,1835172.1,2048.0,2124.804,1311502.1,645.0,2166.2712
129,-11711.022,1137.8342,1835667.1,2048.0,2164.2515,1295751.2,650.0,2161.8225
130,-11714.967,884.20074,1811131.9,2048.0,2171.262,1276136.2,655.0,2165.7917
131,-11690.064,1789.738,1899780.6,2048.0,2152.2239,1339179.0,660.0,2150.3918
132,-11663.912,1295.9227,1846245.8,2048.0,2160.5308,1287351.6,665.0,2164.081
133,-11659.474,1358.9359,1853566.8,2048.0,2189.037,1284134.1,670.0,2162.345
134,-11625.876,1082.3124,1822574.6,2048.0,2118.816,1279585.4,675.0,2171.716
135,-11780.267,875.03204,1815748.4,2048.0,2173.3992,1203467.1,680.0,2158.9482
136,-11714.364,1233.1733,1847609.8,2048.0,2186.238,1332693.9,685.0,2159.019
137,-11637.022,896.7811,1805014.8,2048.0,2160.0254,1300929.1,690.0,2175.418
138,-11651.472,1440.5042,1860694.0,2048.0,2094.5962,1328108.0,695.0,2161.7922
139,-11704.458,1085.8442,1828912.8,2048.0,2131.0996,1215727.2,700.0,2162.945
140,-11742.326,1030.4829,1827061.9,2048.0,2161.9873,1207506.5,705.0,2161.1084
141,-11726.99,1079.6304,1832007.5,2048.0,2145.034,1275423.2,710.0,2160.1865
142,-11659.657,745.71375,1790628.9,2048.0,2102.6226,1253678.9,715.0,2175.6926
143,-11678.264,925.6873,1812031.0,2048.0,2119.308,1283370.6,720.0,2168.8804
144,-11685.967,1191.4774,1838961.0,2048.0,2123.629,1243087.0,725.0,2163.6946
145,-11711.522,1177.8302,1839460.9,2048.0,2138.6404,1253380.8,730.0,2161.5168
146,-11681.124,857.83093,1803523.5,2048.0,2141.453,1188445.0,735.0,2170.4434
147,-11710.79,1602.8734,1884679.1,2048.0,2121.8582,1359905.2,740.0,2151.032
148,-11741.309,1205.7576,1846322.0,2048.0,2165.9622,1281767.8,745.0,2155.8647
149,-11698.194,1619.9567,1883013.0,2048.0,2116.1711,1305813.1,750.0,2152.7725
150,-11713.789,973.68445,1819414.1,2048.0,2163.738,1253031.2,755.0,2164.3298
151,-11689.919,1384.1143,1859349.1,2048.0,2119.8462,1325310.0,760.0,2158.5537
152,-11735.747,1271.5859,1852812.0,2048.0,2149.2483,1298907.6,765.0,2155.5115
153,-11701.085,821.9381,1802595.1,2048.0,2166.4224,1241241.8,770.0,2168.0012
154,-11700.343,1347.5962,1856952.2,2048.0,2191.242,1315715.6,775.0,2157.2017
155,-11700.151,1537.6283,1876027.4,2048.0,2142.464,1337933.8,780.0,2153.2256
156,-11739.802,1246.5828,1848962.5,2048.0,2161.8477,1274184.1,785.0,2157.194
157,-11766.119,1381.7396,1866942.0,2048.0,2163.3164,1287192.4,790.0,2149.182
158,-11684.804,1082.4984,1827155.4,2048.0,2137.4065,1263437.2,795.0,2165.359
159,-11732.832,1216.2959,1846238.9,2048.0,2119.1216,1262406.2,800.0,2156.2837
160,-11773.806,1359.3175,1866247.0,2048.0,2214.3508,1294615.5,805.0,2147.7402
161,-11730.18,1211.2804,1846106.5,2048.0,2166.5322,1305910.2,810.0,2157.7876
162,-11663.159,1354.9053,1854014.5,2048.0,2129.6516,1322677.6,815.0,2162.1333
163,-11726.997,1202.3304,1843887.0,2048.0,2160.3284,1285750.1,820.0,2157.8088
164,-11818.297,1241.746,1857463.1,2048.0,2129.766,1238031.9,825.0,2146.1384
165,-11704.166,1538.3063,1876088.2,2048.0,2072.9812,1354461.0,830.0,2154.328
166,-11702.619,1077.4412,1828316.6,2048.0,2129.6118,1210636.5,835.0,2162.3362
167,-11619.651,880.4162,1799634.9,2048.0,2144.3945,1246260.2,840.0,2177.769
168,-11614.887,1582.9026,1872236.0,2048.0,2119.1663,1327612.9,845.0,2162.7605
169,-11708.93,1242.018,1846549.1,2048.0,2103.6155,1313729.9,850.0,2158.9895
170,-11656.087,945.10736,1810797.5,2048.0,2136.907,1273771.2,855.0,2172.1816
171,-11744.766,1011.28784,1827126.9,2048.0,2197.5486,1262039.1,860.0,2158.7559
172,-11700.474,800.4449,1799654.2,2048.0,2159.7505,1202502.1,865.0,2170.0266
173,-11693.728,1612.1526,1882846.0,2048.0,2148.1838,1351764.8,870.0,2154.187
174,-11757.493,830.3353,1808513.6,2048.0,2135.9746,1220197.8,875.0,2162.7026
175,-11694.298,1049.4824,1825790.6,2048.0,2154.7341,1282576.4,880.0,2164.3735
176,-11710.041,926.3745,1813849.9,2048.0,2143.4033,1242019.4,885.0,2165.1638
177,-11701.637,596.62274,1778697.0,2048.0,2167.1104,1212232.9,890.0,2173.5796
178,-11704.06,1055.339,1826091.1,2048.0,2136.2695,1252388.0,895.0,2164.3613
179,-11702.277,1229.8243,1844887.2,2048.0,2197.152,1297311.2,900.0,2159.609
180,-11723.969,1140.686,1836885.5,2048.0,2145.2874,1199231.2,905.0,2159.3909
181,-11709.996,1455.1603,1867178.2,2048.0,2165.8638,1267481.6,910.0,2154.1995
182,-11694.154,918.55566,1812736.2,2048.0,2199.5752,1294466.9,915.0,2167.6455
183,-11662.13,1332.5396,1849923.4,2048.0,2200.1511,1289942.6,920.0,2163.7937
184,-11705.3545,1121.0082,1832321.4,2048.0,2173.4856,1231861.5,925.0,2162.561
185,-11676.332,651.8006,1781675.2,2048.0,2102.0088,1187663.1,930.0,2176.8823
186,-11657.147,1250.3022,1842787.6,2048.0,2109.0542,1314999.5,935.0,2163.9268
187,-11708.364,1369.2328,1860689.6,2048.0,2110.6882,1347360.1,940.0,2156.2468
188,-11711.455,1044.2788,1826099.8,2048.0,2118.0042,1252016.8,945.0,2162.3413
189,-11763.782,821.0329,1808854.8,2048.0,2140.1926,1213525.6,950.0,2162.3984
190,-11735.637,987.2072,1822463.5,2048.0,2110.124,1237864.0,955.0,2161.3872
191,-11676.4,1510.721,1871588.0,2048.0,2157.523,1377147.2,960.0,2158.0908
192,-11669.085,994.57025,1816655.8,2048.0,2129.019,1261596.2,965.0,2168.4714
193,-11697.203,1241.3473,1845025.5,2048.0,2156.425,1312617.8,970.0,2161.2979
194,-11627.581,1314.2849,1845225.8,2048.0,2102.844,1308033.8,975.0,2167.0544
195,-11666.892,1356.2235,1853796.0,2048.0,2105.9744,1291339.1,980.0,2161.5403
196,-11700.1,1198.2089,1840514.2,2048.0,2115.3796,1225034.0,985.0,2160.494
197,-11743.384,1218.4258,1847282.6,2048.0,2138.2722,1280510.0,990.0,2156.0073
198,-11752.935,935.6029,1819686.1,2048.0,2135.0664,1257456.4,995.0,2161.0945
199,-11740.465,1268.6436,1851554.2,2048.0,2156.3652,1274763.1,1000.0,2155.3948
200,-11693.251,1258.1912,1846913.8,2048.0,2070.2563,1288027.9,1005.0,2160.289
201,-11740.836,1570.7667,1881659.4,2048.0,2121.8555,1284778.9,1010.0,2150.4656
202,-11793.562,928.395,1822264.0,2048.0,2168.8887,1198472.9,1015.0,2155.7388
203,-11695.349,480.48532,1766362.6,2048.0,2140.22,1195045.5,1020.0,2177.2239
204,-11663.42,671.7436,1783942.9,2048.0,2123.098,1254574.0,1025.0,2176.5771
205,-11675.895,1196.54,1838567.2,2048.0,2198.6416,1299838.6,1030.0,2164.1938
206,-11692.484,1173.4913,1837308.5,2048.0,2174.3289,1284216.4,1035.0,2163.8528
207,-11712.588,1073.9441,1830628.5,2048.0,2134.3809,1290500.1,1040.0,2161.7295
208,-11704.626,1142.5485,1834536.8,2048.0,2168.5513,1226709.1,1045.0,2163.058
209,-11743.576,1600.5023,1885734.2,2048.0,2133.3604,1288733.2,1050.0,2149.0205
210,-11683.141,884.96545,1807329.9,2048.0,2132.7737,1254497.6,1055.0,2169.375
211,-11629.468,1625.7035,1879038.2,2048.0,2140.8665,1385365.2,1060.0,2160.313
212,-11605.111,947.9934,1806961.4,2048.0,2116.4878,1364612.5,1065.0,2177.73
213,-11643.7,1263.046,1842492.2,2048.0,2204.0642,1309179.0,1070.0,2166.6304
214,-11659.782,965.4771,1813306.1,2048.0,2199.153,1292548.6,1075.0,2171.3552
215,-11657.025,1056.2394,1822104.0,2048.0,2130.794,1289928.9,1080.0,2170.206
216,-11669.131,1236.5173,1841812.8,2048.0,2164.2227,1256855.6,1085.0,2164.1245
217,-11683.495,1089.7661,1828956.9,2048.0,2153.6157,1299293.9,1090.0,2164.652
218,-11663.723,1038.5626,1820486.9,2048.0,2091.9907,1288324.4,1095.0,2168.877
219,-11710.171,819.6722,1802912.4,2048.0,2162.9988,1198891.2,1100.0,2168.689
220,-11674.393,1033.4092,1820819.9,2048.0,2237.0466,1257180.9,1105.0,2168.031
221,-11665.35,916.6485,1807480.4,2048.0,2194.4663,1228242.5,1110.0,2171.8508
222,-11605.801,1225.1759,1834172.0,2048.0,2155.4285,1335473.6,1115.0,2172.5212
223,-11651.96,1596.9716,1876637.4,2048.0,2151.3442,1325132.2,1120.0,2158.935
224,-11679.885,1623.5625,1883066.8,2048.0,2105.5718,1315592.0,1125.0,2154.4937
225,-11695.791,1477.082,1871695.6,2048.0,2137.8694,1367155.8,1130.0,2154.1265
226,-11697.175,1614.4279,1881892.5,2048.0,2144.39,1275434.8,1135.0,2153.174
227,-11802.135,1206.81,1853268.8,2048.0,2206.9155,1287568.0,1140.0,2149.5032
228,-11792.846,1196.2344,1849539.6,2048.0,2081.6448,1272700.0,1145.0,2151.4834
229,-11764.937,1401.3276,1868627.0,2048.0,2207.603,1291365.0,1150.0,2149.6582
230,-11744.458,1434.6234,1869373.2,2048.0,2163.2146,1272115.2,1155.0,2151.545
231,-11660.096,1713.349,1890380.9,2048.0,2158.6226,1421894.0,1160.0,2155.7212
232,-11700.9,1619.0236,1884733.5,2048.0,2174.4895,1339325.4,1165.0,2151.9963
233,-11693.501,1497.6646,1870414.9,2048.0,2118.798,1280678.8,1170.0,2156.3867
234,-11711.849,1484.8708,1872056.8,2048.0,2148.1917,1325565.4,1175.0,2154.0046
235,-11706.552,1596.1047,1881924.0,2048.0,2103.458,1328925.1,1180.0,2153.1514
236,-11705.864,1752.3269,1897895.6,2048.0,2109.0034,1310574.2,1185.0,2149.857
237,-11708.5205,1169.0073,1838722.8,2048.0,2111.8372,1265261.4,1190.0,2162.0461
238,-11691.774,1465.961,1868151.8,2048.0,2170.1892,1333207.0,1195.0,2155.8591
239,-11688.581,1523.0262,1873290.9,2048.0,2183.6655,1347077.5,1200.0,2155.3174
240,-11666.362,1147.5876,1832592.8,2048.0,2126.9895,1241298.6,1205.0,2165.4336
241,-11642.934,1224.574,1837363.6,2048.0,2052.4387,1311312.1,1210.0,2168.988
242,-11744.816,2069.8142,1935928.8,2048.0,2191.4526,1404789.2,1215.0,2136.6228
243,-11671.242,1414.1592,1860061.9,2048.0,2201.4753,1320847.1,1220.0,2160.9143
244,-11589.228,1341.0673,1843813.4,2048.0,2201.1016,1347437.0,1225.0,2172.43
245,-11641.769,1186.913,1833390.2,2048.0,2233.459,1289622.0,1230.0,2169.4954
246,-11729.4375,1292.5115,1853394.8,2048.0,2217.9705,1305752.4,1235.0,2155.8125
247,-11679.562,936.0791,1813144.9,2048.0,2052.1658,1319929.2,1240.0,2169.2927
248,-11761.394,1657.2467,1893251.6,2048.0,2101.7583,1262316.1,1245.0,2144.6826
249,-11695.134,1583.5706,1879738.6,2048.0,2159.1028,1359808.2,1250.0,2154.2854
250,-11745.734,996.6628,1825356.8,2048.0,2127.6624,1248226.1,1255.0,2159.8074
251,-11694.788,1172.6183,1837203.5,2048.0,2121.6675,1283601.5,1260.0,2162.4583
252,-11787.203,1109.7286,1840740.5,2048.0,2183.4155,1234849.1,1265.0,2152.5735
253,-11751.762,1426.133,1869620.8,2048.0,2105.39,1303177.2,1270.0,2151.3442
254,-11743.197,1536.3572,1881234.0,2048.0,2157.82,1383206.0,1275.0,2148.43
255,-11722.519,1356.6865,1860309.8,2048.0,2187.7358,1316734.2,1280.0,2153.8335
256,-11708.9375,869.83624,1809006.2,2048.0,2149.2559,1256562.1,1285.0,2167.062
257,-11770.892,1466.0057,1876199.1,2048.0,2150.5364,1308248.2,1290.0,2147.1467
258,-11782.327,1156.9976,1845194.8,2048.0,2192.2446,1218108.8,1295.0,2151.628
259,-11753.063,1237.625,1850848.0,2048.0,2090.9668,1299614.8,1300.0,2155.4214
260,-11783.829,1426.7802,1872884.0,2048.0,2115.497,1276949.0,1305.0,2146.606
261,-11752.927,1654.5901,1892507.4,2048.0,2105.281,1298098.6,1310.0,2146.373
262,-11727.023,1297.5181,1854221.0,2048.0,2118.6904,1321829.0,1315.0,2156.2083
263,-11815.606,1381.7,1870599.6,2048.0,2158.7534,1257396.4,1320.0,2144.5945
264,-11773.67,1210.4304,1849836.9,2048.0,2134.3281,1242651.1,1325.0,2152.0393
265,-11740.746,1028.3806,1828236.5,2048.0,2148.9526,1268743.1,1330.0,2159.6746
266,-11750.973,1639.3223,1890141.4,2048.0,2167.1372,1268053.4,1335.0,2146.1785
267,-11673.186,988.0092,1817188.0,2048.0,2090.5073,1293234.6,1340.0,2169.0789
268,-11711.621,1310.2251,1854608.2,2048.0,2165.4875,1354407.9,1345.0,2157.1443
269,-11783.132,1020.7081,1831636.9,2048.0,2191.9656,1266275.2,1350.0,2155.6572
270,-11761.278,1452.6179,1872972.1,2048.0,2162.2207,1293034.6,1355.0,2148.7354
271,-11653.079,1325.0404,1849667.4,2048.0,2125.2275,1327276.0,1360.0,2163.707
272,-11757.296,1434.8248,1870848.5,2048.0,2186.4417,1285912.2,1365.0,2149.2136
273,-11749.066,1209.8485,1847412.9,2048.0,2201.6978,1285016.6,1370.0,2155.0842
274,-11731.206,1141.2827,1838890.0,2048.0,2129.7808,1299059.4,1375.0,2158.635
275,-11752.4,1224.6716,1849492.2,2048.0,2112.097,1279878.2,1380.0,2154.4893
276,-11746.549,1431.7704,1868879.1,2048.0,2121.357,1301354.4,1385.0,2151.8726
277,-11784.71,1376.1692,1868515.8,2048.0,2060.4421,1283159.8,1390.0,2146.6335
278,-11815.044,1348.5101,1867585.9,2048.0,2150.945,1238964.9,1395.0,2145.6448
279,-11698.694,1250.9316,1846689.1,2048.0,2075.399,1357570.8,1400.0,2160.796
280,-11740.691,1733.553,1900648.8,2048.0,2163.0063,1356912.9,1405.0,2144.8564
281,-11715.339,1266.282,1850875.8,2048.0,2152.7585,1345052.4,1410.0,2158.1692
282,-11641.005,974.4168,1812197.6,2048.0,2141.1848,1246272.6,1415.0,2171.9526
283,-11629.081,1269.9731,1841239.2,2048.0,2101.5186,1316647.4,1420.0,2167.5732
284,-11598.764,1394.3295,1852033.9,2048.0,2134.8462,1389561.6,1425.0,2169.1008
285,-11709.952,1114.9406,1833524.1,2048.0,2139.6245,1294129.2,1430.0,2161.4456
286,-11736.236,1288.5831,1854638.8,2048.0,2137.6567,1306232.9,1435.0,2154.7388
287,-11745.374,1046.0659,1830511.0,2048.0,2130.4238,1263833.1,1440.0,2158.5708
288,-11728.049,797.5659,1803524.6,2048.0,2122.4304,1248075.6,1445.0,2166.4062
289,-11713.971,715.90436,1792693.5,2048.0,2120.6829,1198596.6,1450.0,2169.5955
290,-11731.35,1330.6764,1857704.4,2048.0,2229.5286,1260264.9,1455.0,2154.0654
291,-11676.235,1668.5258,1886878.5,2048.0,2105.0085,1339272.0,1460.0,2154.1824
292,-11722.726,1105.1637,1834053.6,2048.0,2162.666,1306287.9,1465.0,2160.0076
293,-11695.08,1569.6564,1878731.5,2048.0,2172.0088,1352523.6,1470.0,2153.625
294,-11653.677,1194.3279,1836359.9,2048.0,2123.307,1316656.9,1475.0,2166.5786
295,-11695.23,1643.953,1888151.4,2048.0,2178.4668,1395866.1,1480.0,2151.6934
296,-11638.326,1685.2637,1884074.8,2048.0,2245.913,1321451.2,1485.0,2158.3877
297,-11645.093,1478.3931,1864587.6,2048.0,2177.3416,1335186.9,1490.0,2161.7405
298,-11636.8,1289.4619,1844166.8,2048.0,2172.3628,1329640.1,1495.0,2166.489
299,-11719.474,1413.1864,1865527.4,2048.0,2203.7551,1299369.9,1500.0,2153.9685
300,-11642.155,1586.6677,1874354.2,2048.0,2160.133,1333986.0,1505.0,2160.9458
301,-11678.592,1016.2364,1819202.0,2048.0,2149.7534,1233943.4,1510.0,2167.9092
302,-11640.293,1418.9387,1857053.1,2048.0,2153.6992,1305873.2,1515.0,2163.8325
303,-11646.393,1124.8625,1827781.1,2048.0,2238.4802,1287823.6,1520.0,2169.3464
304,-11619.743,1234.353,1837150.1,2048.0,2179.6455,1321315.9,1525.0,2169.1536
305,-11654.971,1441.2488,1861311.8,2048.0,2180.8137,1283610.4,1530.0,2161.866
306,-11695.576,1062.4108,1825680.5,2048.0,2182.8328,1236813.9,1535.0,2164.6904
307,-11729.788,1053.6252,1829263.9,2048.0,2151.1768,1256245.9,1540.0,2161.111
308,-11739.573,986.1452,1823664.6,2048.0,2138.9287,1245491.2,1545.0,2160.395
309,-11766.055,992.9692,1826613.9,2048.0,2147.843,1220124.1,1550.0,2157.4194
310,-11602.596,1409.9939,1852746.0,2048.0,2063.4207,1365506.2,1555.0,2168.9749
311,-11622.546,1113.4795,1823506.5,2048.0,2160.0037,1276791.8,1560.0,2172.8518
312,-11635.648,1577.5588,1872736.9,2048.0,2147.003,1299856.1,1565.0,2161.5469
313,-11651.894,1631.6655,1879964.4,2048.0,2188.8394,1300133.4,1570.0,2158.0544
314,-11724.797,1157.9951,1839377.2,2048.0,2124.3794,1296880.9,1575.0,2159.3982
315,-11764.873,921.8882,1818318.5,2048.0,2156.8472,1198018.8,1580.0,2159.8696
316,-11744.557,1489.6252,1876085.8,2048.0,2221.253,1327638.0,1585.0,2149.3127
317,-11720.431,1539.9465,1876971.8,2048.0,2213.8347,1285006.2,1590.0,2153.0015
318,-11669.855,1553.8466,1874231.5,2048.0,2167.755,1298743.1,1595.0,2157.0288
319,-11667.422,1075.0607,1824281.4,2048.0,2219.041,1222507.9,1600.0,2167.8425
320,-11639.101,1484.1821,1864632.0,2048.0,2199.0042,1364911.5,1605.0,2162.951
321,-11576.361,1099.0845,1819507.0,2048.0,2221.8828,1335710.9,1610.0,2176.6028
322,-11607.112,1684.802,1880957.1,2048.0,2258.2148,1333542.9,1615.0,2162.188
323,-11648.232,1481.4835,1864216.2,2048.0,2299.7961,1337256.1,1620.0,2162.6414
324,-11587.891,1736.5873,1885109.5,2048.0,2229.5752,1411585.6,1625.0,2162.9
325,-11608.895,1279.7366,1838327.8,2048.0,2210.64,1253917.9,1630.0,2171.2632
326,-11645.788,1956.9252,1914117.6,2048.0,2191.9885,1433453.5,1635.0,2150.9575
327,-11612.121,1184.3252,1830421.2,2048.0,2177.764,1306926.0,1640.0,2171.6821
328,-11646.466,1632.0497,1879884.9,2048.0,2196.2505,1339329.8,1645.0,2158.686
329,-11654.151,985.19006,1815515.9,2048.0,2171.5728,1299509.0,1650.0,2170.5452
330,-11638.04,846.0124,1797892.8,2048.0,2145.4192,1227678.9,1655.0,2175.7676
331,-11581.038,1471.5162,1855559.1,2048.0,2105.583,1328002.4,1660.0,2170.924
332,-11567.983,1372.5652,1844931.4,2048.0,2154.2654,1349824.9,1665.0,2173.2085
333,-11586.889,2006.563,1914790.1,2048.0,2231.1062,1519576.5,1670.0,2157.1372
334,-11633.971,1302.9302,1845881.6,2048.0,2255.035,1360150.0,1675.0,2166.487
335,-11586.303,1101.44,1820036.5,2048.0,2176.7312,1326336.2,1680.0,2176.6501
336,-11628.218,1539.6619,1869458.8,2048.0,2202.887,1345779.1,1685.0,2162.365
337,-11564.715,1531.3798,1862240.8,2048.0,2153.9402,1401249.5,1690.0,2169.6436
338,-11696.722,1398.6985,1860869.9,2048.0,2187.9595,1291647.9,1695.0,2157.6438
339,-11733.354,1239.4835,1848531.5,2048.0,2148.9395,1302468.1,1700.0,2156.467
340,-11682.877,1234.714,1843428.2,2048.0,2115.4348,1280215.2,1705.0,2163.1716
341,-11683.464,1729.2378,1894026.4,2048.0,2107.3545,1385876.0,1710.0,2152.1924
342,-11758.83,1816.7885,1911842.2,2048.0,2234.5837,1399048.4,1715.0,2142.3525
343,-11720.464,1342.3942,1858370.0,2048.0,2171.9163,1289350.2,1720.0,2155.84
344,-11698.96,1515.9642,1872145.0,2048.0,2233.1912,1276051.2,1725.0,2155.842
345,-11673.347,1509.1451,1869861.6,2048.0,2165.619,1334983.5,1730.0,2157.6536
346,-11651.305,1100.2506,1826378.1,2048.0,2177.8582,1265822.2,1735.0,2168.8645
347,-11640.087,1610.5406,1877263.4,2048.0,2196.2935,1322515.6,1740.0,2159.355
348,-11673.62,1579.0474,1877679.4,2048.0,2167.2932,1370036.9,1745.0,2156.8801
349,-11635.73,1474.3378,1862400.8,2048.0,2123.203,1319444.1,1750.0,2163.4402
350,-11758.993,1410.4591,1870272.9,2048.0,2263.173,1356667.6,1755.0,2150.1687
351,-11693.066,1099.6039,1829728.8,2048.0,2133.15,1268535.9,1760.0,2164.681
352,-11822.996,1309.0304,1864858.4,2048.0,2124.2021,1245042.2,1765.0,2144.2717
353,-11758.0625,1161.5422,1843339.0,2048.0,2127.4297,1224799.6,1770.0,2154.619
354,-11785.575,1580.4291,1889113.6,2048.0,2201.4502,1330716.5,1775.0,2143.971
355,-11732.829,1640.3141,1890245.9,2048.0,2164.0005,1352873.1,1780.0,2147.8564
356,-11717.572,1228.603,1846932.6,2048.0,2177.2004,1331822.9,1785.0,2158.4763
357,-11707.117,1544.2966,1877060.8,2048.0,2169.4858,1328349.6,1790.0,2153.634
358,-11643.381,1281.1783,1843937.5,2048.0,2117.3984,1324255.8,1795.0,2165.419
359,-11658.291,1670.0051,1884599.8,2048.0,2124.662,1316936.8,1800.0,2156.605
360,-11757.346,998.9226,1825707.8,2048.0,2142.1877,1205107.0,1805.0,2158.4124
361,-11654.877,1287.2477,1845339.9,2048.0,2152.1477,1312229.2,1810.0,2164.989
362,-11729.88,885.9324,1812376.2,2048.0,2168.0256,1267954.1,1815.0,2164.9211
363,-11693.155,1187.7651,1838145.1,2048.0,2201.6528,1230953.4,1820.0,2163.2104
364,-11681.3,915.2939,1809237.1,2048.0,2154.9924,1249240.8,1825.0,2170.6238
365,-11737.226,878.85974,1811687.4,2048.0,2209.7046,1197106.4,1830.0,2163.7114
366,-11697.901,1079.762,1827173.6,2048.0,2181.466,1232151.9,1835.0,2165.1055
367,-11745.863,1274.9031,1853788.6,2048.0,2181.812,1272498.1,1840.0,2155.251
368,-11648.173,1821.4846,1898606.5,2048.0,2092.7117,1326664.2,1845.0,2154.661
369,-11705.625,1277.2755,1850092.0,2048.0,2221.3396,1272182.4,1850.0,2158.138
370,-11718.736,1223.3241,1844576.8,2048.0,2175.0505,1262215.1,1855.0,2158.5833
371,-11634.242,1438.6594,1859086.8,2048.0,2167.898,1331673.1,1860.0,2164.327
372,-11710.775,1075.6438,1828988.1,2048.0,2245.6177,1240074.5,1865.0,2162.6367
373,-11698.411,1033.556,1823904.1,2048.0,2198.3545,1324017.2,1870.0,2164.7903
374,-11689.312,1288.2279,1849441.6,2048.0,2228.7974,1319049.1,1875.0,2160.7822
375,-11667.926,1273.3484,1845705.1,2048.0,2216.551,1297169.1,1880.0,2163.297
376,-11627.239,1817.3239,1896427.6,2048.0,2134.8586,1410661.5,1885.0,2157.3625
377,-11708.715,1640.2941,1889137.9,2048.0,2175.9744,1409143.9,1890.0,2149.7915
378,-11691.839,1320.5516,1853158.1,2048.0,2130.481,1316851.6,1895.0,2159.314
379,-11810.478,1127.0011,1844031.0,2048.0,2222.4033,1230794.2,1900.0,2150.5994
380,-11622.871,1233.7417,1836920.5,2048.0,2089.7595,1326445.8,1905.0,2170.053
381,-11740.894,1389.89,1865316.1,2048.0,2117.9568,1313196.5,1910.0,2152.957
382,-11754.775,1203.0804,1847862.0,2048.0,2132.579,1318762.5,1915.0,2155.032
383,-11753.6045,1299.1539,1857592.0,2048.0,2156.3313,1302460.9,1920.0,2152.2246
384,-11740.874,1585.6545,1884774.8,2048.0,2091.7854,1287453.9,1925.0,2147.4287
385,-11727.524,1456.6804,1869928.9,2048.0,2080.9006,1264730.9,1930.0,2151.9373
386,-11778.314,1038.0074,1832223.1,2048.0,2105.3372,1237167.8,1935.0,2155.3406
387,-11737.712,1255.6858,1849218.2,2048.0,2073.572,1216217.1,1940.0,2155.9185
388,-11759.663,1455.4319,1873542.8,2048.0,2140.3743,1328897.2,1945.0,2149.782
389,-11738.737,833.8298,1807070.4,2048.0,2120.6155,1197133.4,1950.0,2163.8142
390,-11690.15,1357.6643,1854259.5,2048.0,2129.6255,1243238.6,1955.0,2159.3738
391,-11671.181,370.46378,1753117.2,2048.0,2178.2795,1230604.0,1960.0,2182.6501
392,-11670.976,1251.8933,1842715.9,2048.0,2131.3586,1273900.5,1965.0,2164.3174
393,-11675.815,845.0735,1802434.2,2048.0,2167.4363,1269464.1,1970.0,2171.681
394,-11699.375,1644.4441,1885917.9,2048.0,2198.1184,1313093.0,1975.0,2152.3398
395,-11703.423,1150.0681,1836141.8,2048.0,2159.543,1271454.5,1980.0,2161.672
396,-11764.678,658.5031,1792255.2,2048.0,2168.7742,1189281.6,1985.0,2165.6843
397,-11711.351,1661.6628,1890105.9,2048.0,2156.1003,1350400.8,1990.0,2150.7004
398,-11683.7,1192.3256,1837133.0,2048.0,2153.0505,1276947.4,1995.0,2164.2385
399,-11730.335,1030.8219,1826554.9,2048.0,2225.7622,1259893.0,2000.0,2161.644
400,-11703.383,1433.2853,1864311.2,2048.0,2240.6182,1238322.5,2005.0,2156.2002
401,-11646.033,1393.4811,1857004.8,2048.0,2180.8606,1378374.9,2010.0,2162.8042
402,-11722.672,1327.4692,1855432.1,2048.0,2214.965,1249812.5,2015.0,2157.1538
403,-11699.926,1579.3448,1880187.8,2048.0,2185.8843,1340463.4,2020.0,2153.819
404,-11709.991,1282.4025,1850337.9,2048.0,2146.5217,1304384.2,2025.0,2158.7964
405,-11676.525,1492.2242,1867783.6,2048.0,2163.9585,1268492.8,2030.0,2158.752
406,-11669.414,788.9724,1796770.4,2048.0,2203.958,1296088.6,2035.0,2174.041
407,-11672.409,1552.1257,1874548.8,2048.0,2222.426,1328819.6,2040.0,2158.0662
408,-11714.119,1401.5393,1863158.2,2048.0,2206.2063,1302023.1,2045.0,2155.6658
409,-11698.261,1981.3381,1921454.9,2048.0,2268.251,1376618.5,2050.0,2146.1624
410,-11533.622,1263.9857,1830956.0,2048.0,2129.1848,1355285.2,2055.0,2179.8555
411,-11663.063,947.4008,1811668.5,2048.0,2191.1287,1278785.2,2060.0,2170.4243
412,-11653.315,1039.5559,1820517.6,2048.0,2114.3896,1296601.8,2065.0,2170.5198
413,-11756.255,1557.5476,1882632.2,2048.0,2187.641,1299372.4,2070.0,2148.138
414,-11616.537,1095.1548,1822525.2,2048.0,2112.3145,1313900.1,2075.0,2172.7842
415,-11686.361,1360.0188,1854984.0,2048.0,2185.7468,1293368.2,2080.0,2159.817
416,-11569.603,1314.5878,1841615.8,2048.0,2229.1934,1420493.5,2085.0,2175.0134
417,-11589.595,1149.0426,1824579.4,2048.0,2201.8767,1263313.9,2090.0,2175.3704
418,-11585.349,1388.196,1847925.2,2048.0,2230.0667,1314119.5,2095.0,2171.549
419,-11633.515,1507.1176,1865559.9,2048.0,2195.5364,1335416.8,2100.0,2162.6633
420,-11669.894,1384.0663,1856546.4,2048.0,2150.3538,1304532.5,2105.0,2160.5378
421,-11759.253,1081.0063,1834675.6,2048.0,2147.041,1204281.1,2110.0,2156.553
422,-11663.159,832.6855,1800698.0,2048.0,2091.7117,1279191.0,2115.0,2173.2236
423,-11709.642,1355.3848,1857627.8,2048.0,2185.305,1276378.0,2120.0,2157.4785
424,-11749.875,1353.8502,1861744.4,2048.0,2228.4624,1316601.5,2125.0,2152.6333
425,-11719.608,883.67096,1811551.2,2048.0,2135.7913,1251889.5,2130.0,2165.7446
426,-11738.391,1007.9282,1826466.2,2048.0,2120.5835,1280740.2,2135.0,2159.0
427,-11746.939,1042.2487,1829741.5,2048.0,2084.487,1278709.8,2140.0,2159.195
428,-11741.145,1498.1223,1877054.2,2048.0,2099.2534,1323194.8,2145.0,2149.6042
429,-11776.25,1094.8322,1837895.6,2048.0,2078.0618,1240508.5,2150.0,2154.8542
430,-11671.893,1240.2969,1842933.0,2048.0,2096.8074,1309327.0,2155.0,2163.1592
431,-11714.568,881.82825,1809443.9,2048.0,2138.2024,1210725.0,2160.0,2165.5254
432,-11700.911,1477.6154,1870432.1,2048.0,2142.949,1342293.1,2165.0,2154.6902
433,-11668.802,1225.7904,1839976.4,2048.0,2120.6245,1243693.5,2170.0,2165.1604
434,-11672.509,1746.7913,1895119.6,2048.0,2115.2537,1420392.1,2175.0,2153.2505
435,-11738.661,1670.8917,1892804.0,2048.0,2136.6638,1314031.9,2180.0,2146.9236
436,-11807.4375,495.1234,1779983.1,2048.0,2175.136,1148360.9,2185.0,2162.864
437,-11726.932,1860.0905,1912126.4,2048.0,2158.6016,1373935.9,2190.0,2144.7312
438,-11743.5205,988.1463,1824420.1,2048.0,2137.8682,1254942.0,2195.0,2160.7253
439,-11771.149,622.5165,1787709.1,2048.0,2163.5874,1175190.4,2200.0,2166.0916
440,-11669.422,866.9001,1802296.1,2048.0,2082.9375,1200419.8,2205.0,2172.4204
441,-11653.274,1028.0771,1818894.2,2048.0,2155.69,1303343.4,2210.0,2170.8967
442,-11755.484,1323.4281,1857866.0,2048.0,2186.3584,1264937.2,2215.0,2152.9646
443,-11702.99,1274.1511,1848327.6,2048.0,2119.295,1259968.1,2220.0,2160.6282
444,-11740.819,1062.5964,1831126.9,2048.0,2210.3477,1215755.0,2225.0,2158.4238
445,-11661.307,1488.9697,1867129.9,2048.0,2092.4487,1332296.6,2230.0,2159.5315
446,-11745.048,1271.6252,1853891.1,2048.0,2163.3943,1300207.5,2235.0,2153.9446
447,-11672.892,1424.3647,1860904.0,2048.0,2109.4414,1300218.4,2240.0,2161.1265
448,-11669.81,1114.5265,1829883.5,2048.0,2150.0596,1300184.9,2245.0,2166.5518
449,-11661.948,1403.3612,1858945.6,2048.0,2182.3977,1371960.2,2250.0,2161.9673
450,-11702.195,1412.5619,1861880.2,2048.0,2235.9346,1264172.9,2255.0,2156.3142
451,-11688.252,806.3255,1799929.1,2048.0,2189.229,1230338.8,2260.0,2170.6626
452,-11694.946,1156.8635,1837279.2,2048.0,2173.1504,1316620.4,2265.0,2162.6868
453,-11659.155,1351.0735,1851825.4,2048.0,2204.2576,1307568.0,2270.0,2162.7207
454,-11636.519,629.58307,1776078.5,2048.0,2175.5774,1213282.8,2275.0,2180.9297
455,-11657.829,1610.2448,1877338.1,2048.0,2138.269,1295999.2,2280.0,2157.824
456,-11606.512,1644.1038,1878158.1,2048.0,2117.456,1389430.8,2285.0,2163.2703
457,-11637.678,1157.0057,1829059.8,2048.0,2182.1477,1240774.4,2290.0,2169.9817
458,-11766.097,1155.5603,1843656.2,2048.0,2196.3926,1227468.6,2295.0,2155.1416
459,-11672.209,1295.7687,1848917.0,2048.0,2132.9841,1315899.6,2300.0,2162.1567
460,-11667.294,1200.9475,1838197.6,2048.0,2157.7937,1288959.4,2305.0,2165.3037
461,-11752.672,1809.5194,1909988.1,2048.0,2229.632,1334589.5,2310.0,2142.3992
462,-11733.939,1602.048,1884484.4,2048.0,2198.1426,1290032.5,2315.0,2150.7344
463,-11738.8955,882.7103,1812426.5,2048.0,2164.474,1240087.4,2320.0,2163.62
464,-11714.548,1302.6967,1852289.8,2048.0,2207.412,1301683.5,2325.0,2157.8389
465,-11626.279,1325.8685,1846430.9,2048.0,2160.6545,1307059.9,2330.0,2167.6165
466,-11674.683,1199.9307,1838761.2,2048.0,2130.4292,1301649.0,2335.0,2164.267
467,-11704.4375,1164.6467,1838530.8,2048.0,2151.8286,1274449.6,2340.0,2162.0984
468,-11741.733,1814.9686,1908327.9,2048.0,2134.883,1341239.5,2345.0,2144.1335
469,-11633.8545,1286.147,1842924.2,2048.0,2125.9854,1307270.0,2350.0,2168.5376
470,-11612.89,749.7491,1787209.9,2048.0,2139.2095,1301109.9,2355.0,2180.1104
471,-11703.4,1228.183,1845834.6,2048.0,2180.917,1341119.4,2360.0,2159.8394
472,-11620.243,1464.0878,1859084.6,2048.0,2149.7854,1272793.9,2365.0,2164.8538
473,-11619.089,1294.6182,1842586.1,2048.0,2197.8801,1280725.2,2370.0,2168.2644
474,-11621.116,1359.5276,1849680.6,2048.0,2150.791,1340818.1,2375.0,2167.4546
475,-11587.339,1495.2743,1860037.9,2048.0,2127.8218,1346568.9,2380.0,2168.1968
476,-11627.613,1967.9148,1911962.4,2048.0,2150.888,1349051.5,2385.0,2154.5193
477,-11606.0625,1724.8623,1885004.8,2048.0,2180.399,1329895.5,2390.0,2161.669
478,-11655.306,1697.1354,1887736.9,2048.0,2162.6392,1382838.8,2395.0,2155.9712
479,-11683.098,948.8032,1813991.4,2048.0,2149.3645,1250641.8,2400.0,2167.9844
480,-11790.191,1137.8021,1843645.5,2048.0,2187.9546,1222652.0,2405.0,2151.4238
481,-11740.38,966.96375,1821326.0,2048.0,2127.8994,1208295.4,2410.0,2160.952
482,-11747.949,1480.4646,1875415.0,2048.0,2144.3745,1312387.4,2415.0,2149.21
483,-11737.0625,1167.4957,1841473.0,2048.0,2101.198,1278160.9,2420.0,2158.1829
484,-11708.736,1294.3019,1851655.9,2048.0,2153.1604,1259875.9,2425.0,2158.2507
485,-11755.153,1130.3787,1839828.5,2048.0,2225.9915,1237520.1,2430.0,2155.8003
486,-11705.631,957.27704,1818466.4,2048.0,2172.0225,1299965.0,2435.0,2164.8574
487,-11678.548,1300.0425,1851206.6,2048.0,2204.0657,1377703.8,2440.0,2161.346
488,-11658.868,1341.4945,1852478.9,2048.0,2186.8086,1336413.6,2445.0,2163.0227
489,-11675.152,1259.4165,1846014.9,2048.0,2186.5742,1339746.2,2450.0,2163.4563
490,-11614.569,1361.62,1849276.0,2048.0,2197.181,1355290.6,2455.0,2167.7434
491,-11654.592,1004.5849,1816869.4,2048.0,2189.6855,1306855.6,2460.0,2171.0503
492,-11698.152,1357.868,1857789.5,2048.0,2195.3284,1312620.2,2465.0,2157.9062
493,-11701.134,1646.7352,1887213.1,2048.0,2184.7695,1317998.4,2470.0,2152.2917
494,-11716.572,1264.296,1850144.0,2048.0,2122.1257,1326498.1,2475.0,2158.2632
495,-11730.987,1010.7591,1824661.8,2048.0,2178.0247,1213552.4,2480.0,2160.5828
496,-11665.952,819.849,1797520.6,2048.0,2153.5667,1186161.6,2485.0,2174.1597
497,-11599.764,1447.088,1857306.6,2048.0,2211.0596,1341140.1,2490.0,2167.4817
498,-11635.079,1596.6554,1875324.4,2048.0,2224.974,1358713.0,2495.0,2160.1821
499,-11713.246,757.5844,1797225.1,2048.0,2158.485,1238861.1,2500.0,2168.888
500,-11722.817,1133.5304,1837509.0,2048.0,2104.7358,1279440.5,2505.0,2158.6821
501,-11770.675,1316.584,1860584.5,2048.0,2124.9895,1298493.6,2510.0,2150.6658
502,-11780.593,1226.0073,1852859.9,2048.0,2096.358,1301507.8,2515.0,2150.5227
503,-11773.851,1802.7825,1913044.2,2048.0,2179.654,1382993.4,2520.0,2138.859
504,-11771.415,1124.8232,1839989.2,2048.0,2171.6794,1224973.8,2525.0,2153.613
505,-11677.514,1316.782,1849541.0,2048.0,2092.9395,1250389.5,2530.0,2160.9683
506,-11686.613,1391.7937,1860189.0,2048.0,2122.2698,1321575.4,2535.0,2158.032
507,-11651.294,1222.4355,1839220.1,2048.0,2162.9775,1336108.1,2540.0,2165.7524
508,-11665.332,1776.6561,1896682.8,2048.0,2240.5137,1353118.5,2545.0,2152.8835
509,-11675.985,1481.8074,1867286.0,2048.0,2145.5337,1303087.6,2550.0,2157.9592
510,-11756.545,1604.4851,1888361.8,2048.0,2205.207,1318372.0,2555.0,2146.478
511,-11667.3545,1216.7256,1838944.5,2048.0,2142.5803,1219362.2,2560.0,2164.3945
512,-11672.334,1279.8789,1847846.2,2048.0,2179.3225,1352964.9,2565.0,2163.3745
513,-11633.21,1460.0673,1862285.6,2048.0,2213.8127,1372899.9,2570.0,2163.6377
514,-11655.204,1575.2866,1876063.5,2048.0,2216.8904,1345359.9,2575.0,2157.2368
515,-11654.833,1084.7969,1823868.6,2048.0,2142.9294,1243466.5,2580.0,2169.6365
516,-11613.058,1194.3582,1833265.5,2048.0,2064.8472,1365537.2,2585.0,2171.3513
517,-11664.427,1371.2965,1855012.5,2048.0,2113.2014,1343919.1,2590.0,2163.098
518,-11639.116,1572.7833,1873817.5,2048.0,2120.826,1358990.8,2595.0,2160.0564
519,-11634.176,956.72705,1809555.2,2048.0,2064.1907,1276276.0,2600.0,2173.5605
520,-11716.784,1016.0979,1823941.8,2048.0,2142.7168,1227708.1,2605.0,2163.1902
521,-11677.582,1085.7216,1828054.5,2048.0,2120.3,1320600.1,2610.0,2166.8728
522,-11726.348,1539.3491,1878365.1,2048.0,2144.6882,1303405.8,2615.0,2151.0195
523,-11720.143,1215.6791,1844687.8,2048.0,2101.699,1250644.8,2620.0,2158.3682
524,-11747.994,1709.1489,1900125.4,2048.0,2123.6755,1391092.6,2625.0,2144.124
525,-11705.213,1126.9927,1834078.1,2048.0,2171.4834,1290929.5,2630.0,2163.6667
526,-11696.431,1608.5326,1883255.1,2048.0,2247.0703,1358974.0,2635.0,2153.346
527,-11645.296,1266.857,1842698.5,2048.0,2172.9626,1345567.2,2640.0,2167.1895
528,-11701.793,1115.485,1833843.5,2048.0,2143.5957,1267784.8,2645.0,2161.5
529,-11739.273,1614.0182,1887335.9,2048.0,2217.8704,1332424.8,2650.0,2149.0242
530,-11715.148,1114.8441,1834023.5,2048.0,2173.7734,1255191.0,2655.0,2161.1782
531,-11632.487,1060.77,1820488.0,2048.0,2127.647,1298551.8,2660.0,2171.6794
532,-11697.005,1035.7584,1824142.1,2048.0,2163.9026,1290635.8,2665.0,2165.9077
533,-11652.921,1509.5729,1867927.2,2048.0,2139.9841,1329363.5,2670.0,2160.6062
534,-11695.96,584.8533,1777273.6,2048.0,2164.5942,1235530.6,2675.0,2174.211
535,-11769.111,790.3836,1807204.5,2048.0,2145.2925,1270970.6,2680.0,2161.5784
536,-11700.108,1002.3866,1821230.6,2048.0,2115.3635,1281937.9,2685.0,2164.6855
537,-11778.238,1296.4111,1858797.5,2048.0,2153.4092,1256956.6,2690.0,2150.9531
538,-11693.486,1519.4286,1873767.8,2048.0,2105.2256,1373894.9,2695.0,2155.2485
539,-11699.579,1109.6835,1832695.5,2048.0,2098.619,1292166.5,2700.0,2163.4138
540,-11711.589,1533.4926,1876114.8,2048.0,2148.4148,1295187.1,2705.0,2152.625
541,-11740.557,1520.3202,1879435.5,2048.0,2149.4417,1332813.9,2710.0,2148.8005
542,-11744.588,1381.702,1864562.2,2048.0,2181.8127,1270801.2,2715.0,2151.6855
543,-11655.208,1190.1179,1835752.0,2048.0,2073.7295,1309673.2,2720.0,2166.1973
544,-11729.318,1246.2798,1847673.2,2048.0,2223.9873,1245211.0,2725.0,2157.5583
545,-11639.057,1547.7787,1871318.4,2048.0,2204.3564,1363418.5,2730.0,2161.3818
546,-11727.143,1719.0117,1896250.0,2048.0,2234.124,1339800.6,2735.0,2148.1523
547,-11718.668,843.3374,1805778.8,2048.0,2147.6396,1208912.2,2740.0,2166.9587
548,-11739.15,1154.6613,1839268.6,2048.0,2195.0105,1233185.4,2745.0,2158.3735
549,-11742.652,1301.6133,1855849.4,2048.0,2121.6965,1291701.0,2750.0,2153.97
550,-11718.369,1200.5409,1842792.9,2048.0,2136.0723,1305987.9,2755.0,2159.5955
551,-11784.053,1486.5977,1880390.1,2048.0,2155.3123,1325425.0,2760.0,2145.0774
552,-11721.796,502.7782,1771178.9,2048.0,2089.7627,1175006.2,2765.0,2173.0474
553,-11736.252,1243.732,1850707.0,2048.0,2181.2893,1330399.0,2770.0,2155.4087
554,-11657.976,1217.3873,1838354.0,2048.0,2171.426,1312576.2,2775.0,2166.5073
555,-11668.139,1062.3063,1825149.1,2048.0,2167.5872,1316393.4,2780.0,2167.9878
556,-11621.599,1241.5121,1838358.6,2048.0,2203.8306,1331206.1,2785.0,2169.293
557,-11641.896,957.0135,1810363.1,2048.0,2217.2798,1271600.5,2790.0,2173.3953
558,-11592.26,866.1515,1797076.2,2048.0,2187.1387,1326065.4,2795.0,2180.4707
559,-11599.941,1076.2609,1818950.0,2048.0,2209.119,1286431.5,2800.0,2174.6023
560,-11511.408,1340.5176,1836897.9,2048.0,2168.2034,1360552.5,2805.0,2180.7925
561,-11690.592,1711.1045,1893422.8,2048.0,2218.2734,1333105.5,2810.0,2151.821
562,-11667.529,1417.0615,1859128.4,2048.0,2122.152,1312107.1,2815.0,2161.5488
563,-11663.989,992.96576,1816413.5,2048.0,2123.4224,1249098.4,2820.0,2170.7424
564,-11749.277,1665.1721,1893742.6,2048.0,2171.0386,1341955.8,2825.0,2146.5864
565,-11728.189,1611.5768,1887238.9,2048.0,2235.6736,1346348.5,2830.0,2149.107
566,-11571.573,1452.7363,1856065.8,2048.0,2132.1858,1479824.8,2835.0,2170.4004
567,-11632.621,1119.8829,1825877.8,2048.0,2181.819,1280316.5,2840.0,2171.5645
568,-11659.176,1191.8373,1836000.0,2048.0,2189.426,1289906.0,2845.0,2166.7007
569,-11716.74,1267.5746,1849573.9,2048.0,2184.2366,1290416.8,2850.0,2158.4055
570,-11656.85,1437.5846,1859576.1,2048.0,2114.2952,1276914.5,2855.0,2162.3975
571,-11661.499,845.2841,1801958.4,2048.0,2166.0994,1275666.8,2860.0,2172.9407
572,-11689.601,1392.252,1861879.1,2048.0,2180.738,1339131.0,2865.0,2157.172
573,-11631.107,1274.4866,1841605.1,2048.0,2149.5122,1299635.6,2870.0,2167.826
574,-11667.03,1159.8761,1833751.8,2048.0,2135.4692,1269384.9,2875.0,2165.633
575,-11679.358,1703.1998,1891507.9,2048.0,2203.822,1388482.4,2880.0,2152.7664
576,-11727.417,1249.599,1848434.5,2048.0,2185.6196,1260339.5,2885.0,2157.1648
577,-11759.559,1720.5953,1900585.8,2048.0,2144.6626,1363808.4,2890.0,2143.069
578,-11759.799,1392.2007,1868444.0,2048.0,2142.652,1304792.0,2895.0,2149.5415
579,-11674.171,1356.6666,1854417.9,2048.0,2156.6726,1303821.4,2900.0,2161.5857
580,-11658.016,1295.6139,1847656.2,2048.0,2150.515,1347073.2,2905.0,2163.4377
581,-11643.226,857.51465,1799525.1,2048.0,2147.6633,1220608.1,2910.0,2176.6223
582,-11598.212,1393.7152,1850279.8,2048.0,2141.0264,1305696.6,2915.0,2168.7954
583,-11694.816,1667.1311,1888951.8,2048.0,2244.3499,1366779.5,2920.0,2151.3994
584,-11655.163,1020.15015,1818234.9,2048.0,2170.1191,1262532.5,2925.0,2170.255
585,-11653.963,1333.3933,1849342.5,2048.0,2154.1885,1313563.4,2930.0,2165.4211
586,-11669.32,1447.0515,1863820.5,2048.0,2227.117,1350139.6,2935.0,2159.5984
587,-11631.456,1325.0725,1848947.0,2048.0,2176.5251,1368454.4,2940.0,2166.1836
588,-11565.075,1528.1346,1861888.1,2048.0,2125.2888,1370004.2,2945.0,2170.1733
589,-11689.223,1148.8564,1834609.0,2048.0,2135.718,1280673.1,2950.0,2162.7222
590,-11696.864,748.10504,1793264.4,2048.0,2139.6567,1159234.1,2955.0,2172.2817
591,-11673.237,915.2719,1808676.5,2048.0,2129.1182,1245055.4,2960.0,2170.6726
592,-11716.344,1302.933,1853498.0,2048.0,2130.8235,1295695.8,2965.0,2157.1274
593,-11755.312,1301.6167,1857587.6,2048.0,2185.0967,1295372.8,2970.0,2151.779
594,-11661.379,1826.1826,1902554.5,2048.0,2136.4712,1403791.0,2975.0,2152.6023
595,-11669.323,840.2482,1801381.1,2048.0,2139.8896,1219182.6,2980.0,2172.3865
596,-11623.383,1209.6952,1834283.5,2048.0,2099.51,1292968.0,2985.0,2170.197
597,-11726.801,1356.1631,1860928.1,2048.0,2177.3247,1334759.8,2990.0,2155.1807
598,-11676.678,1581.5697,1878326.0,2048.0,2093.8462,1366567.9,2995.0,2154.8867
599,-11739.229,999.27277,1824815.4,2048.0,2193.129,1273483.0,3000.0,2160.2095
600,-11654.935,1483.5636,1866774.2,2048.0,2228.976,1339339.8,3005.0,2159.9373
601,-11735.854,951.64276,1819514.2,2048.0,2165.5488,1239185.1,3010.0,2162.4722
602,-11690.971,1429.0098,1864724.5,2048.0,2147.9004,1324088.4,3015.0,2157.4897
603,-11736.938,1315.8131,1857370.0,2048.0,2141.6665,1329424.5,3020.0,2154.0356
604,-11733.399,1526.9181,1878940.0,2048.0,2164.7783,1322454.2,3025.0,2150.0725
605,-11687.331,1425.6858,1864484.2,2048.0,2151.1401,1343657.9,3030.0,2158.1638
606,-11700.807,1995.3195,1923830.1,2048.0,2090.096,1391250.8,3035.0,2143.6333
607,-11757.025,1172.5369,1844886.4,2048.0,2116.1887,1327389.0,3040.0,2155.0781
608,-11716.553,1658.8986,1890685.2,2048.0,2127.4634,1380923.9,3045.0,2149.6616
609,-11750.182,1010.75287,1826607.0,2048.0,2137.3887,1233005.2,3050.0,2158.8633
610,-11714.67,1007.88586,1822826.8,2048.0,2088.8384,1262212.9,3055.0,2163.152
611,-11782.609,940.7329,1822853.5,2048.0,2145.141,1225549.2,3060.0,2157.6548
612,-11747.543,1479.8873,1874976.2,2048.0,2196.979,1287376.9,3065.0,2149.486
613,-11713.522,1393.6675,1863449.8,2048.0,2167.5188,1318994.1,3070.0,2154.545
614,-11636.128,1342.4877,1848754.5,2048.0,2096.6682,1288291.1,3075.0,2166.7573
615,-11595.002,1890.3851,1901734.1,2048.0,2086.0596,1382480.2,3080.0,2158.3767
616,-11659.693,1581.1842,1876458.6,2048.0,2102.3833,1323654.5,3085.0,2158.2153
617,-11685.049,911.683,1811456.6,2048.0,2093.237,1338718.4,3090.0,2168.956
618,-11684.667,653.7533,1782979.0,2048.0,2198.8137,1211624.5,3095.0,2174.6077
619,-11674.043,1709.1742,1890712.8,2048.0,2117.1492,1351586.5,3100.0,2153.8687
620,-11682.114,1371.7028,1856364.9,2048.0,2136.3647,1253677.4,3105.0,2160.1616
621,-11681.434,1353.5371,1854370.2,2048.0,2124.1135,1279232.6,3110.0,2160.4504
622,-11668.861,622.94055,1778774.2,2048.0,2115.7295,1234571.0,3115.0,2177.36
623,-11673.269,834.3256,1799060.4,2048.0,2110.1157,1198619.9,3120.0,2172.76
624,-11744.326,1101.4292,1833448.0,2048.0,2212.9473,1191696.1,3125.0,2158.923
625,-11749.953,1355.2205,1861988.0,2048.0,2195.1335,1258591.2,3130.0,2151.819
626,-11710.3955,1260.4568,1848788.0,2048.0,2136.0237,1289959.2,3135.0,2158.967
627,-11734.554,556.4393,1778709.2,2048.0,2102.5542,1193649.4,3140.0,2171.1355
628,-11756.793,1148.652,1841132.8,2048.0,2115.3843,1249081.5,3145.0,2156.5588
629,-11654.625,606.56213,1775203.1,2048.0,2024.8812,1237511.6,3150.0,2179.006
630,-11726.704,1336.6599,1858327.9,2048.0,2184.7087,1308156.2,3155.0,2155.4333
631,-11673.469,1747.4086,1896486.1,2048.0,2192.552,1431671.1,3160.0,2152.0227
632,-11649.434,1125.3853,1827876.1,2048.0,2114.4358,1271552.9,3165.0,2168.7993
633,-11650.771,1452.1299,1861236.0,2048.0,2123.907,1274795.8,3170.0,2161.9553
634,-11718.014,1063.4895,1828998.6,2048.0,2149.3052,1248845.6,3175.0,2161.7156
635,-11702.069,1107.719,1830547.8,2048.0,2159.133,1210891.1,3180.0,2163.0137
636,-11683.299,958.8137,1814497.4,2048.0,2182.5693,1273460.4,3185.0,2168.144
637,-11690.708,1955.7037,1918308.5,2048.0,2188.5864,1408711.9,3190.0,2147.1035
638,-11626.394,1452.5355,1860199.4,2048.0,2209.1453,1342460.1,3195.0,2164.28
639,-11617.369,1675.2411,1880641.9,2048.0,2159.278,1333348.8,3200.0,2161.309
640,-11630.175,973.734,1810478.5,2048.0,2126.167,1272633.0,3205.0,2174.0076
641,-11668.808,1408.5273,1859931.0,2048.0,2165.7004,1368755.2,3210.0,2160.1233
642,-11633.065,1321.1547,1847703.4,2048.0,2146.7446,1360540.1,3215.0,2166.59
643,-11627.376,642.54895,1777412.8,2048.0,2179.4602,1234676.2,3220.0,2181.896
644,-11631.712,1117.1542,1826204.2,2048.0,2167.2883,1301400.8,3225.0,2171.15
645,-11642.79,1011.6024,1816697.6,2048.0,2197.6875,1306233.5,3230.0,2172.0823
646,-11657.331,951.2089,1810663.0,2048.0,2219.2173,1244236.2,3235.0,2171.4119
647,-11685.293,1551.6633,1875572.1,2048.0,2136.4595,1316101.1,3240.0,2155.4033
648,-11705.905,1257.1958,1847567.4,2048.0,2172.5432,1291069.1,3245.0,2159.036
649,-11794.56,564.2608,1784883.2,2048.0,2180.1216,1154559.8,3250.0,2162.904
650,-11705.201,1252.5862,1848357.5,2048.0,2115.3606,1303988.4,3255.0,2159.823
651,-11756.88,1306.3978,1857651.8,2048.0,2155.4102,1305524.0,3260.0,2152.2507
652,-11773.591,1234.9153,1853462.4,2048.0,2139.4097,1323293.9,3265.0,2151.3809
653,-11730.165,1089.5942,1834217.2,2048.0,2116.8804,1319508.6,3270.0,2159.525
654,-11765.161,1188.4993,1846186.6,2048.0,2126.5923,1222673.5,3275.0,2153.7046
655,-11761.29,1411.5348,1869343.5,2048.0,2155.772,1284974.8,3280.0,2149.172
656,-11619.471,1427.8834,1857538.5,2048.0,2077.6638,1365586.2,3285.0,2165.955
657,-11743.666,1257.2938,1850787.5,2048.0,2210.0088,1254430.4,3290.0,2154.7417
658,-11631.366,1204.8441,1835387.2,2048.0,2125.8665,1299316.0,3295.0,2168.6885
659,-11713.114,1343.3323,1856096.6,2048.0,2194.1365,1252291.8,3300.0,2157.3735
660,-11723.941,1617.4584,1885634.5,2048.0,2130.441,1277996.1,3305.0,2149.7449
661,-11699.731,628.81616,1781958.4,2048.0,2088.1843,1187708.2,3310.0,2173.3694
662,-11705.79,1653.0565,1888383.4,2048.0,2079.9417,1353589.6,3315.0,2151.1216
663,-11684.536,1019.91656,1820275.1,2048.0,2138.749,1248244.8,3320.0,2167.383
664,-11715.539,1709.5314,1894135.6,2048.0,2142.1787,1305601.6,3325.0,2149.5286
665,-11688.51,1519.7662,1871863.6,2048.0,2128.7812,1280353.5,3330.0,2156.3672
666,-11713.104,1811.8938,1905345.4,2048.0,2172.7402,1347184.5,3335.0,2147.0735
667,-11683.761,1440.8508,1864282.0,2048.0,2155.7107,1301892.8,3340.0,2157.353
668,-11681.9795,900.13696,1807687.5,2048.0,2086.7788,1212762.5,3345.0,2170.3662
669,-11671.133,1409.4415,1859224.2,2048.0,2098.0916,1319808.0,3350.0,2159.976
670,-11667.588,1218.71,1839506.1,2048.0,2098.777,1256134.8,3355.0,2164.256
671,-11679.242,1319.7858,1850678.9,2048.0,2140.1567,1306345.5,3360.0,2162.1255
672,-11744.931,1193.4211,1845078.6,2048.0,2177.6318,1271001.5,3365.0,2155.7126
673,-11683.939,1555.8568,1875185.0,2048.0,2198.8694,1302938.5,3370.0,2155.5718
674,-11644.755,1433.5096,1858598.9,2048.0,2157.7598,1274512.4,3375.0,2163.0784
675,-11722.846,1691.5447,1895645.5,2048.0,2096.6377,1381541.0,3380.0,2148.457
676,-11704.649,1540.3748,1878069.4,2048.0,2153.3972,1368800.4,3385.0,2153.0576
677,-11718.023,1336.0536,1857011.4,2048.0,2189.2922,1293000.8,3390.0,2157.302
678,-11696.83,1410.4985,1862474.5,2048.0,2080.218,1306952.4,3395.0,2157.6096
679,-11720.7705,1822.176,1906917.0,2048.0,2150.1707,1340732.5,3400.0,2146.5076
680,-11700.06,1265.7246,1847888.4,2048.0,2109.9436,1258892.2,3405.0,2159.4817
681,-11733.619,1091.1227,1831789.1,2048.0,2171.921,1215839.9,3410.0,2160.8108
682,-11668.866,983.7754,1816508.0,2048.0,2176.7456,1297495.0,3415.0,2168.9998
683,-11604.869,1517.0195,1862779.9,2048.0,2162.18,1294142.4,3420.0,2166.1792
684,-11734.924,1657.3934,1893331.9,2048.0,2161.4082,1372161.1,3425.0,2145.863
685,-11692.103,1200.3624,1840943.8,2048.0,2096.3076,1338033.4,3430.0,2161.2905
686,-11725.506,1394.102,1864320.1,2048.0,2071.7778,1284066.1,3435.0,2153.2131
687,-11755.651,974.7198,1823985.1,2048.0,2100.874,1236719.1,3440.0,2159.6477
688,-11782.912,1325.3639,1861759.5,2048.0,2122.6316,1309877.9,3445.0,2150.043
689,-11846.39,1480.0308,1885426.4,2048.0,2088.4316,1285612.0,3450.0,2137.364
690,-11763.064,1236.9784,1851011.2,2048.0,2078.0212,1273348.8,3455.0,2152.741
691,-11710.311,1075.0363,1828530.9,2048.0,2102.9504,1284621.6,3460.0,2163.8264
692,-11736.998,829.47473,1806481.8,2048.0,2162.8435,1189219.6,3465.0,2164.8887
693,-11768.937,1018.3377,1829141.5,2048.0,2132.4841,1233372.5,3470.0,2157.9316
694,-11783.699,1247.9753,1855679.1,2048.0,2081.978,1309839.4,3475.0,2150.374
695,-11808.015,1389.723,1871941.2,2048.0,2128.1418,1287464.6,3480.0,2144.7131
696,-11690.637,1562.5778,1877852.6,2048.0,2076.4524,1335982.8,3485.0,2154.6646
697,-11699.794,1372.5331,1856312.2,2048.0,2102.712,1217347.5,3490.0,2158.8618
698,-11729.02,828.34485,1806170.9,2048.0,2105.076,1206843.9,3495.0,2166.2893
699,-11691.491,1548.4238,1877421.8,2048.0,2108.725,1364523.4,3500.0,2153.896
700,-11739.432,827.459,1805179.1,2048.0,2116.1162,1165579.8,3505.0,2164.3457
701,-11735.629,1405.1968,1866904.1,2048.0,2146.4915,1324206.4,3510.0,2152.8665
702,-11748.858,998.7167,1825454.4,2048.0,2131.439,1244879.6,3515.0,2160.5498
703,-11757.786,1514.8729,1879024.2,2048.0,2149.0613,1321666.6,3520.0,2148.2512
704,-11752.423,1661.9346,1894753.0,2048.0,2193.9407,1360621.0,3525.0,2144.662
705,-11717.177,1207.5184,1844135.8,2048.0,2125.9521,1249936.1,3530.0,2159.7456
706,-11702.444,1769.7609,1900283.9,2048.0,2119.601,1321167.2,3535.0,2149.441
707,-11701.455,1154.413,1836190.6,2048.0,2109.16,1269383.4,3540.0,2162.1516
708,-11687.01,1276.0979,1846554.5,2048.0,2089.3003,1275422.1,3545.0,2161.891
709,-11733.88,1472.0769,1873329.4,2048.0,2163.0652,1318012.9,3550.0,2150.856
710,-11738.34,1671.7628,1894509.8,2048.0,2105.8071,1398277.5,3555.0,2146.7092
711,-11771.426,1086.0917,1836364.5,2048.0,2104.9636,1269938.5,3560.0,2155.9634
712,-11719.712,1373.6724,1862355.1,2048.0,2096.8667,1332720.8,3565.0,2155.387
713,-11760.401,1175.5376,1844451.2,2048.0,2090.0444,1239311.6,3570.0,2154.7468
714,-11738.912,1368.7219,1863051.4,2048.0,2089.6604,1329581.0,3575.0,2152.2383
715,-11822.642,1460.5175,1879341.9,2048.0,2180.5708,1219072.8,3580.0,2141.7478
716,-11768.775,946.4306,1821282.9,2048.0,2136.0234,1197740.5,3585.0,2159.4631
717,-11786.808,1067.7562,1834976.2,2048.0,2106.9714,1206901.8,3590.0,2154.5332
718,-11728.626,934.698,1817792.6,2048.0,2095.4229,1259012.4,3595.0,2163.25
719,-11674.779,1116.6599,1830926.9,2048.0,2082.1348,1298709.6,3600.0,2165.6704
720,-11667.717,772.0831,1793457.2,2048.0,2125.3071,1263656.1,3605.0,2174.559
721,-11714.014,1503.9929,1874548.9,2048.0,2139.945,1364309.6,3610.0,2153.489
722,-11654.122,894.35767,1804329.4,2048.0,2129.4985,1220789.1,3615.0,2172.7976
723,-11638.301,1047.3561,1818971.5,2048.0,2099.0693,1274532.1,3620.0,2172.4973
724,-11696.176,1739.5193,1895443.9,2048.0,2189.518,1324940.0,3625.0,2151.8887
725,-11645.306,1204.668,1836673.2,2048.0,2126.0776,1341589.6,3630.0,2166.693
726,-11710.319,1353.8789,1859452.2,2048.0,2180.2517,1315323.4,3635.0,2156.0864
727,-11628.281,939.16394,1808235.0,2048.0,2119.2153,1263390.1,3640.0,2174.5544
728,-11648.685,1244.9781,1840154.2,2048.0,2128.7886,1281522.8,3645.0,2165.762
729,-11663.241,1191.9082,1835219.9,2048.0,2161.7078,1251924.5,3650.0,2166.3862
730,-11603.187,1264.7917,1838265.6,2048.0,2161.3987,1304075.4,3655.0,2170.6594
731,-11643.755,917.60065,1806038.9,2048.0,2204.9546,1266649.5,3660.0,2174.5962
732,-11643.082,1388.3191,1855268.5,2048.0,2221.718,1329898.2,3665.0,2163.5574
733,-11645.799,1870.1239,1905227.4,2048.0,2151.31,1401646.0,3670.0,2154.7427
734,-11700.415,1120.5707,1834231.9,2048.0,2159.4414,1332559.0,3675.0,2162.833
735,-11668.901,1345.317,1853594.9,2048.0,2126.178,1373625.5,3680.0,2161.7769
736,-11762.65,1446.4341,1873682.1,2048.0,2152.6719,1325658.2,3685.0,2148.3193
737,-11734.567,704.0353,1792953.9,2048.0,2114.196,1182552.8,3690.0,2168.339
738,-11743.263,1691.1948,1896975.0,2048.0,2132.222,1362311.4,3695.0,2145.2212
739,-11807.809,1133.0645,1845116.5,2048.0,2115.235,1212943.5,3700.0,2148.865
740,-11820.118,1228.2083,1855829.1,2048.0,2100.381,1198983.6,3705.0,2145.852
741,-11802.716,1188.4515,1849189.1,2048.0,2106.7185,1214906.2,3710.0,2149.9985
742,-11759.7705,1098.085,1837668.9,2048.0,2163.0227,1287856.9,3715.0,2156.478
743,-11715.855,2018.8705,1927460.1,2048.0,2201.377,1380277.8,3720.0,2142.4019
744,-11684.114,1348.2041,1855415.0,2048.0,2120.2417,1330965.6,3725.0,2158.674
745,-11734.684,1581.4891,1883794.9,2048.0,2236.6094,1342848.9,3730.0,2150.059
746,-11653.641,1165.5233,1832294.6,2048.0,2107.994,1262737.9,3735.0,2169.1055
747,-11712.387,1350.6865,1857460.1,2048.0,2135.612,1274847.5,3740.0,2156.8865
748,-11685.173,1278.7327,1846696.5,2048.0,2161.0327,1266850.2,3745.0,2161.8171
749,-11785.632,1639.4005,1896240.0,2048.0,2214.1106,1312007.2,3750.0,2140.9492
750,-11678.859,1777.4625,1897864.2,2048.0,2205.5564,1349590.0,3755.0,2152.6753
751,-11681.107,1160.8413,1834539.6,2048.0,2221.5999,1270671.4,3760.0,2165.5125
752,-11664.715,1394.0089,1857738.9,2048.0,2191.995,1299229.9,3765.0,2160.2385
753,-11701.636,1696.1036,1891947.8,2048.0,2169.6643,1345413.1,3770.0,2151.2383
754,-11695.069,1519.6057,1873934.0,2048.0,2167.1099,1369192.5,3775.0,2154.5918
755,-11608.985,919.93787,1802963.6,2048.0,2110.7083,1273668.8,3780.0,2178.2756
756,-11686.338,1111.757,1830713.1,2048.0,2191.197,1292020.1,3785.0,2164.7483
757,-11704.128,1423.7908,1864605.1,2048.0,2134.7532,1280267.5,3790.0,2156.2483
758,-11754.575,776.1449,1805843.4,2048.0,2168.3586,1298051.1,3795.0,2162.3735
759,-11707.852,1811.2925,1904819.2,2048.0,2178.5413,1351773.1,3800.0,2148.461
760,-11704.983,1372.8684,1860491.2,2048.0,2093.29,1348032.4,3805.0,2157.1353
761,-11750.363,1372.3281,1864494.5,2048.0,2130.0298,1289745.4,3810.0,2151.687
762,-11699.116,1203.4458,1841794.1,2048.0,2135.3235,1306719.4,3815.0,2160.9712
763,-11714.466,1418.1677,1864801.2,2048.0,2179.5496,1273669.1,3820.0,2154.9575
764,-11739.9795,1191.8086,1844374.0,2048.0,2183.2864,1268206.8,3825.0,2156.3447
765,-11716.033,1225.6465,1845002.2,2048.0,2179.1323,1291156.4,3830.0,2160.247
766,-11772.191,1342.6748,1863498.5,2048.0,2141.3025,1286186.2,3835.0,2148.809
767,-11710.387,1623.9349,1887218.8,2048.0,2097.06,1369865.1,3840.0,2150.6167
768,-11731.218,1341.7015,1857555.2,2048.0,2143.8901,1228065.8,3845.0,2155.6401
769,-11718.59,1273.9437,1851044.0,2048.0,2109.3162,1292345.9,3850.0,2156.4795
770,-11820.348,794.4245,1811729.1,2048.0,2221.5898,1188389.6,3855.0,2156.496
771,-11712.907,1644.8182,1889223.1,2048.0,2204.099,1407706.2,3860.0,2150.437
772,-11645.707,895.66034,1804548.9,2048.0,2160.9968,1274921.2,3865.0,2175.141
773,-11663.301,1512.376,1870588.4,2048.0,2146.9065,1333610.2,3870.0,2158.5996
774,-11646.158,1221.6425,1836571.0,2048.0,2114.3635,1282301.2,3875.0,2167.8105
775,-11722.617,1905.6407,1916778.6,2048.0,2161.2302,1399048.9,3880.0,2144.0012
776,-11729.036,1410.2025,1865525.9,2048.0,2148.1553,1280388.1,3885.0,2153.8398
777,-11673.942,1664.5847,1884714.8,2048.0,2162.1077,1338049.9,3890.0,2154.9307
778,-11741.962,1223.0201,1847595.6,2048.0,2252.3872,1257440.9,3895.0,2156.3213
779,-11664.823,1519.7252,1869753.1,2048.0,2112.5554,1306050.0,3900.0,2159.2656
780,-11711.727,1800.0116,1904942.1,2048.0,2165.6355,1405945.4,3905.0,2147.309
781,-11723.898,2173.7034,1944008.9,2048.0,2190.7815,1428505.0,3910.0,2137.5667
782,-11643.849,1199.3167,1835741.8,2048.0,2174.3618,1306770.8,3915.0,2167.362
783,-11702.939,1250.4553,1845981.5,2048.0,2203.54,1278618.9,3920.0,2160.6228
784,-11677.624,1600.3545,1880696.0,2048.0,2157.6616,1348062.1,3925.0,2154.9946
785,-11704.896,1101.4226,1831295.5,2048.0,2114.5933,1278980.2,3930.0,2162.6648
786,-11713.398,939.6849,1815566.2,2048.0,2154.0815,1256522.0,3935.0,2164.416
787,-11658.3125,1520.3851,1868795.4,2048.0,2155.8005,1352831.8,3940.0,2160.4075
788,-11724.821,707.92035,1794134.4,2048.0,2146.611,1239197.6,3945.0,2168.7283
789,-11708.134,1068.594,1829334.8,2048.0,2134.8372,1299654.6,3950.0,2162.0286
790,-11726.003,1533.8267,1877730.8,2048.0,2109.2178,1327386.4,3955.0,2151.3157
791,-11729.404,1038.5265,1827054.0,2048.0,2152.241,1266422.0,3960.0,2162.5974
792,-11688.147,2062.5266,1927080.8,2048.0,2235.0107,1333656.8,3965.0,2145.1191
793,-11698.593,921.475,1812613.4,2048.0,2156.0728,1222561.8,3970.0,2168.1394
794,-11672.461,1367.4731,1855020.1,2048.0,2164.678,1292406.0,3975.0,2160.4932
795,-11772.122,856.4715,1812871.5,2048.0,2197.4116,1209292.0,3980.0,2159.9526
796,-11693.621,1576.0759,1879504.9,2048.0,2189.5032,1336874.6,3985.0,2153.049
797,-11716.931,1240.9873,1847089.2,2048.0,2202.8606,1284002.8,3990.0,2158.5017
798,-11653.107,1653.0944,1883103.5,2048.0,2164.0374,1346954.5,3995.0,2156.9814
799,-11709.003,1083.5221,1830967.1,2048.0,2112.9084,1292307.5,4000.0,2162.8516
800,-11795.925,1705.2394,1903576.9,2048.0,2181.0295,1374903.8,4005.0,2139.9563
801,-11777.457,1314.1708,1859762.4,2048.0,2117.44,1264258.5,4010.0,2151.4775
802,-11735.485,901.16583,1813202.1,2048.0,2108.8367,1199972.2,4015.0,2162.913
803,-11724.113,1232.2385,1846643.9,2048.0,2080.891,1212606.2,4020.0,2157.421
804,-11730.984,1286.8665,1851545.1,2048.0,2112.3855,1230844.5,4025.0,2157.2378
805,-11814.303,1183.7678,1851131.0,2048.0,2168.657,1218552.9,4030.0,2147.9812
806,-11717.781,1393.3878,1863179.2,2048.0,2175.9385,1323996.2,4035.0,2155.0552
807,-11690.715,1729.4822,1895107.1,2048.0,2098.581,1359345.5,4040.0,2151.489
808,-11742.387,1459.4077,1871545.0,2048.0,2159.932,1296139.0,4045.0,2150.7993
809,-11722.892,1421.6724,1866003.2,2048.0,2192.647,1303526.0,4050.0,2154.8816
810,-11733.807,1587.8738,1885061.2,2048.0,2114.253,1336656.2,4055.0,2149.3552
811,-11690.328,1558.821,1876226.0,2048.0,2175.042,1274727.2,4060.0,2156.042
812,-11675.515,1243.8289,1844375.4,2048.0,2176.9775,1357034.6,4065.0,2162.4893
813,-11601.3545,1385.9739,1848470.8,2048.0,2139.8054,1269929.0,4070.0,2170.4204
814,-11628.275,1087.364,1823810.6,2048.0,2171.2986,1312690.2,4075.0,2171.2808
815,-11693.204,1830.8286,1906022.9,2048.0,2187.358,1389466.9,4080.0,2148.4739
816,-11743.38,1005.20575,1823600.0,2048.0,2188.9749,1180609.4,4085.0,2160.785
817,-11704.329,749.7525,1794313.8,2048.0,2133.4663,1165236.1,4090.0,2169.8564
818,-11718.2705,1511.3823,1874381.4,2048.0,2182.8801,1267450.8,4095.0,2151.8076
819,-11666.932,1065.3418,1823690.1,2048.0,2183.0464,1272652.5,4100.0,2167.7693
820,-11668.904,1166.3823,1835074.2,2048.0,2190.1575,1281717.0,4105.0,2165.3218
821,-11709.008,1285.53,1851751.0,2048.0,2166.683,1312652.0,4110.0,2158.4175
822,-11657.591,1213.8256,1838434.0,2048.0,2202.0874,1319422.9,4115.0,2165.8447
823,-11735.67,1362.277,1861848.4,2048.0,2270.6658,1268150.9,4120.0,2152.3518
824,-11581.318,916.63666,1799461.8,2048.0,2201.938,1246620.9,4125.0,2181.2197
825,-11673.854,1037.1531,1821115.1,2048.0,2200.8523,1260468.6,4130.0,2168.7307
826,-11667.108,1351.8158,1853241.0,2048.0,2135.8813,1345857.4,4135.0,2163.2678
827,-11715.145,1245.5107,1849197.9,2048.0,2146.5464,1323777.8,4140.0,2157.4734
828,-11701.366,674.2637,1787646.0,2048.0,2129.2915,1256308.0,4145.0,2172.6514
829,-11636.6045,1560.6996,1872554.2,2048.0,2165.5227,1347764.9,4150.0,2160.4082
830,-11643.361,1158.006,1831675.6,2048.0,2153.8516,1335548.4,4155.0,2169.1455
831,-11570.501,1438.7177,1851529.8,2048.0,2109.508,1314697.9,4160.0,2171.6445
832,-11619.449,1427.2533,1856845.9,2048.0,2173.031,1342039.5,4165.0,2166.5662
833,-11639.424,1120.2291,1826168.9,2048.0,2125.813,1241483.2,4170.0,2170.4292
834,-11725.343,1520.1917,1875954.8,2048.0,2149.0078,1286777.0,4175.0,2152.6965
835,-11676.815,1271.9696,1845908.9,2048.0,2163.8967,1296237.2,4180.0,2162.5012
836,-11689.663,1011.828,1820722.4,2048.0,2088.6133,1266698.2,4185.0,2166.171
837,-11799.968,1454.5985,1877577.1,2048.0,2133.5308,1295938.8,4190.0,2144.354
838,-11706.22,1258.4198,1847599.8,2048.0,2072.399,1266790.1,4195.0,2159.0427
839,-11760.524,1057.7677,1832790.9,2048.0,2203.8909,1256606.0,4200.0,2156.646
840,-11682.425,967.82806,1816172.5,2048.0,2193.6255,1282946.5,4205.0,2169.0718
841,-11660.629,1564.4436,1875290.0,2048.0,2170.998,1383486.8,4210.0,2158.4646
842,-11693.943,1488.4645,1871619.6,2048.0,2156.5835,1348253.8,4215.0,2155.1445
843,-11728.395,1323.1016,1857372.8,2048.0,2154.738,1328334.5,4220.0,2154.7795
844,-11748.06,1052.6697,1831694.6,2048.0,2153.2192,1260535.0,4225.0,2158.6
845,-11718.745,1507.2709,1875395.9,2048.0,2171.8308,1399486.8,4230.0,2152.932
846,-11687.365,1471.6232,1869740.2,2048.0,2195.6165,1395376.4,4235.0,2156.6614
847,-11600.458,1435.009,1854240.5,2048.0,2084.066,1300732.9,4240.0,2168.4585
848,-11582.56,1558.1091,1866028.9,2048.0,2117.791,1354174.0,4245.0,2168.2893
849,-11673.456,1637.0488,1883785.9,2048.0,2187.2576,1376045.6,4250.0,2156.4402
850,-11641.365,1534.2776,1868450.0,2048.0,2184.812,1304539.6,4255.0,2161.8176
851,-11654.086,1283.9452,1845406.1,2048.0,2191.2651,1339772.1,4260.0,2164.3777
852,-11615.076,1076.1473,1819406.1,2048.0,2108.9727,1275770.0,4265.0,2174.5264
853,-11710.089,1160.9658,1838953.1,2048.0,2173.05,1284649.0,4270.0,2161.087
854,-11681.641,1442.7705,1864175.4,2048.0,2169.5305,1333477.0,4275.0,2158.8909
855,-11762.828,1648.8584,1893788.0,2048.0,2205.4817,1334645.0,4280.0,2145.033
856,-11652.442,1184.7837,1835187.0,2048.0,2087.211,1279151.4,4285.0,2166.4502
857,-11643.937,1273.0247,1842013.1,2048.0,2084.026,1298128.0,4290.0,2166.3655
858,-11744.059,979.0161,1824795.9,2048.0,2157.3718,1293863.4,4295.0,2159.5605
859,-11756.037,1205.5406,1847368.0,2048.0,2208.569,1254886.0,4300.0,2155.064
860,-11661.581,1683.8457,1887139.6,2048.0,2137.8867,1356162.5,4305.0,2154.6902
861,-11701.474,1987.8071,1921840.9,2048.0,2187.1455,1364325.1,4310.0,2145.3494
862,-11633.894,1309.8678,1845831.0,2048.0,2075.0112,1299135.4,4315.0,2167.1655
863,-11699.785,1170.311,1838046.4,2048.0,2139.6309,1256163.0,4320.0,2161.8264
864,-11727.101,1812.9974,1905738.0,2048.0,2126.7537,1327877.5,4325.0,2146.6174
865,-11768.248,1164.3615,1843694.5,2048.0,2186.9734,1227706.4,4330.0,2153.199
866,-11758.556,1064.0286,1832933.6,2048.0,2181.1455,1268810.6,4335.0,2157.3943
867,-11755.45,1666.712,1895544.0,2048.0,2115.6108,1355014.8,4340.0,2144.167
868,-11787.256,1705.6765,1902345.4,2048.0,2117.042,1281261.8,4345.0,2140.4155
869,-11784.576,1675.3507,1898721.4,2048.0,2146.068,1347844.8,4350.0,2141.4136
870,-11689.299,1496.6569,1870314.0,2048.0,2103.045,1317515.6,4355.0,2156.1782
871,-11752.74,1265.9679,1853177.8,2048.0,2166.4167,1271049.0,4360.0,2154.1738
872,-11717.291,1207.7224,1844950.0,2048.0,2040.808,1326599.6,4365.0,2159.4316
873,-11720.69,837.4099,1805627.2,2048.0,2169.1238,1230627.0,4370.0,2166.5867
874,-11671.445,1122.988,1829503.4,2048.0,2138.3916,1270809.8,4375.0,2166.3462
875,-11705.384,799.01355,1800958.4,2048.0,2233.654,1224992.9,4380.0,2169.1938
876,-11583.091,1428.9673,1853387.8,2048.0,2102.2366,1371463.0,4385.0,2170.1995
877,-11620.622,1647.4324,1878593.4,2048.0,2159.3647,1325290.1,4390.0,2161.327
878,-11631.653,1026.6177,1813843.9,2048.0,2193.818,1213693.0,4395.0,2174.511
879,-11654.774,1398.283,1857044.0,2048.0,2211.0244,1342858.1,4400.0,2162.1418
880,-11763.941,1533.8289,1881396.1,2048.0,2245.8337,1293063.6,4405.0,2147.024
881,-11714.06,1432.6493,1866433.4,2048.0,2226.7625,1244255.6,4410.0,2154.252
882,-11671.313,1209.9668,1837962.4,2048.0,2178.9998,1210289.4,4415.0,2164.3662
883,-11564.392,1354.6469,1843615.5,2048.0,2147.299,1390615.8,4420.0,2174.464
884,-11650.512,1598.4438,1876277.4,2048.0,2217.5151,1314101.0,4425.0,2158.473
885,-11619.594,1039.5214,1814961.2,2048.0,2149.3477,1236005.9,4430.0,2175.5505
886,-11712.709,1264.9973,1848263.4,2048.0,2234.151,1250918.6,4435.0,2160.249
887,-11801.623,1277.7434,1859088.8,2048.0,2226.2605,1258373.8,4440.0,2147.7712
888,-11698.34,1322.6367,1852928.6,2048.0,2083.1094,1248245.6,4445.0,2159.4502
889,-11783.806,1395.5555,1870162.6,2048.0,2127.5366,1292370.6,4450.0,2146.1614
890,-11712.304,1246.5691,1847113.8,2048.0,2121.1096,1281724.6,4455.0,2159.4417
891,-11746.143,1518.2184,1878834.4,2048.0,2136.3594,1312288.5,4460.0,2148.7878
892,-11682.536,1257.5194,1846017.6,2048.0,2198.0483,1368697.5,4465.0,2162.2305
893,-11663.309,1277.4031,1844886.8,2048.0,2171.1726,1294243.2,4470.0,2164.9282
894,-11700.323,1437.0327,1865763.8,2048.0,2272.4614,1288382.4,4475.0,2156.0244
895,-11612.607,955.1041,1807187.6,2048.0,2219.17,1276366.4,4480.0,2176.3752
896,-11625.666,1051.8982,1818614.8,2048.0,2256.1055,1312099.4,4485.0,2172.8904
897,-11645.989,1561.357,1871112.6,2048.0,2238.741,1276118.5,4490.0,2162.3926
898,-11555.618,1718.8384,1881196.8,2048.0,2239.8845,1459582.0,4495.0,2166.613
899,-11571.826,1269.2402,1835788.8,2048.0,2202.6316,1333431.8,4500.0,2174.5044
900,-11614.089,1287.8477,1842996.9,2048.0,2166.7056,1355337.4,4505.0,2168.861
901,-11605.973,1072.0497,1819771.5,2048.0,2148.997,1344064.4,4510.0,2174.478
902,-11684.635,1654.2373,1886443.9,2048.0,2198.2788,1392742.1,4515.0,2154.3145
903,-11626.967,896.9994,1801441.2,2048.0,2118.443,1251249.4,4520.0,2176.9177
904,-11668.691,1398.0607,1860038.6,2048.0,2143.7854,1388262.6,4525.0,2160.4924
905,-11737.978,1562.8607,1883766.6,2048.0,2215.59,1361205.9,4530.0,2149.469
906,-11676.762,1374.6838,1856295.9,2048.0,2183.0232,1336902.5,4535.0,2160.7927
907,-11706.008,1858.0138,1909616.9,2048.0,2186.3337,1344381.4,4540.0,2147.2278
908,-11748.896,1030.5996,1828273.6,2048.0,2159.9531,1271479.6,4545.0,2159.328
909,-11669.18,1423.6877,1860586.4,2048.0,2091.3271,1304113.6,4550.0,2160.3184
910,-11670.021,1417.191,1861072.9,2048.0,2120.5508,1324366.4,4555.0,2160.1633
911,-11762.736,1308.3351,1859865.9,2048.0,2102.075,1327002.1,4560.0,2152.0042
912,-11716.617,1281.0038,1851412.2,2048.0,2087.2517,1303697.0,4565.0,2157.5068
913,-11725.055,837.2692,1806747.6,2048.0,2145.8901,1250238.9,4570.0,2166.357
914,-11653.267,1382.3778,1854309.0,2048.0,2144.0464,1292928.5,4575.0,2163.3687
915,-11742.691,586.05664,1782978.1,2048.0,2110.742,1205465.6,4580.0,2168.539
916,-11705.473,1358.6439,1857926.0,2048.0,2136.9517,1278977.0,4585.0,2156.4946
917,-11640.405,1467.6758,1863390.9,2048.0,2110.3418,1350200.0,4590.0,2161.498
918,-11637.132,896.3179,1803474.0,2048.0,2160.158,1230720.2,4595.0,2174.5603
919,-11696.04,841.1411,1804178.0,2048.0,2157.018,1272508.9,4600.0,2170.1438
920,-11688.509,1339.781,1855684.2,2048.0,2189.6638,1308349.1,4605.0,2159.0947
921,-11650.943,1518.786,1869313.4,2048.0,2144.1262,1399382.9,4610.0,2159.975
922,-11598.1045,1396.7615,1852225.8,2048.0,2210.144,1375179.8,4615.0,2168.4072
923,-11600.619,1077.1315,1818599.9,2048.0,2154.6091,1281595.6,4620.0,2176.2285
924,-11626.722,1354.9812,1849687.8,2048.0,2206.8335,1328500.8,4625.0,2166.3147
925,-11654.466,1130.697,1830357.2,2048.0,2228.8894,1330746.4,4630.0,2168.2297
926,-11663.735,1319.8131,1849120.2,2048.0,2220.373,1270910.1,4635.0,2162.7969
927,-11670.653,1432.0171,1861542.1,2048.0,2140.3613,1306537.8,4640.0,2160.8208
928,-11724.953,1495.102,1873788.8,2048.0,2167.0342,1314772.4,4645.0,2152.7354
929,-11698.061,1128.9233,1833620.6,2048.0,2171.008,1262012.9,4650.0,2163.3467
930,-11722.521,1147.8281,1837717.9,2048.0,2145.383,1239091.4,4655.0,2159.3853
931,-11642.541,1198.1415,1834953.4,2048.0,2121.2366,1287622.9,4660.0,2168.5269
932,-11701.781,1982.6919,1920836.8,2048.0,2122.8499,1352313.0,4665.0,2144.9182
933,-11704.895,1354.1442,1857668.4,2048.0,2166.996,1298774.2,4670.0,2156.459
934,-11616.794,1269.3207,1838724.2,2048.0,2096.4673,1286994.8,4675.0,2170.0632
935,-11640.324,1603.9305,1875450.2,2048.0,2122.4414,1310016.9,4680.0,2160.0488
936,-11674.528,1345.395,1854102.8,2048.0,2157.3962,1319565.6,4685.0,2160.5234
937,-11720.824,1349.3363,1857888.8,2048.0,2135.072,1235411.5,4690.0,2155.1436
938,-11737.778,1393.8285,1864305.2,2048.0,2187.5586,1303018.9,4695.0,2153.5266
939,-11695.913,1113.291,1832756.4,2048.0,2136.7583,1291778.4,4700.0,2162.7693
940,-11686.398,1817.9758,1903315.5,2048.0,2158.146,1383279.5,4705.0,2150.1963
941,-11693.228,918.77563,1811262.5,2048.0,2202.8892,1217004.4,4710.0,2168.0798
942,-11747.638,1207.9917,1846325.2,2048.0,2218.6975,1252013.4,4715.0,2156.4836
943,-11678.176,1513.8597,1871831.8,2048.0,2148.0598,1384988.1,4720.0,2156.8882
944,-11664.789,1508.0333,1869874.4,2048.0,2111.2207,1338656.2,4725.0,2158.8892
945,-11743.643,1421.8907,1867728.1,2048.0,2192.164,1268033.8,4730.0,2151.9946
946,-11722.177,1338.4711,1856832.9,2048.0,2135.3447,1267557.8,4735.0,2156.017
947,-11744.443,1345.279,1860742.5,2048.0,2121.672,1308767.1,4740.0,2153.321
948,-11713.718,1526.4875,1876162.8,2048.0,2084.271,1292987.0,4745.0,2152.8647
949,-11693.673,1366.9537,1857351.9,2048.0,2146.1409,1291172.5,4750.0,2157.4363
950,-11754.2,1458.9873,1873576.5,2048.0,2196.982,1322530.1,4755.0,2149.7063
951,-11711.139,1243.157,1845762.5,2048.0,2100.4417,1240243.9,4760.0,2159.0085
952,-11676.437,1326.7375,1852133.4,2048.0,2164.244,1283317.8,4765.0,2160.9395
953,-11655.224,1077.6956,1823886.1,2048.0,2080.39,1278927.8,4770.0,2169.8171
954,-11695.061,1049.2236,1825367.8,2048.0,2134.8171,1261056.0,4775.0,2164.3567
955,-11701.2705,1178.984,1839326.6,2048.0,2088.2346,1262402.5,4780.0,2161.8923
956,-11785.855,1176.5416,1847239.6,2048.0,2145.7622,1229964.2,4785.0,2151.1616
957,-11745.821,1195.2727,1845975.2,2048.0,2140.704,1248631.9,4790.0,2156.2593
958,-11752.171,1834.4602,1910399.8,2048.0,2227.1182,1325994.2,4795.0,2143.1033
959,-11693.511,1373.2113,1858219.0,2048.0,2200.148,1303439.5,4800.0,2158.533
960,-11648.229,851.80597,1799756.1,2048.0,2161.0254,1259914.1,4805.0,2175.0706
961,-11727.089,1499.0785,1875445.8,2048.0,2224.2158,1342299.2,4810.0,2152.3467
962,-11703.809,1966.6517,1920799.9,2048.0,2165.4172,1394677.1,4815.0,2144.0005
963,-11684.189,1976.5121,1918659.5,2048.0,2167.0012,1359616.5,4820.0,2147.0115
964,-11713.235,1247.175,1846556.4,2048.0,2205.9065,1271964.8,4825.0,2160.3262
965,-11666.391,1256.964,1844007.4,2048.0,2184.4014,1305795.2,4830.0,2164.2136
966,-11643.26,1368.3109,1851573.9,2048.0,2174.6433,1278044.9,4835.0,2165.457
967,-11621.893,1921.1498,1909307.8,2048.0,2181.4866,1437033.2,4840.0,2154.323
968,-11633.506,1260.3448,1840666.1,2048.0,2170.5803,1297245.5,4845.0,2166.9775
969,-11685.564,1376.944,1856186.0,2048.0,2219.4905,1244050.9,4850.0,2160.0425
970,-11655.721,1405.1062,1857154.2,2048.0,2217.8215,1317887.1,4855.0,2162.196
971,-11630.571,687.9636,1780952.2,2048.0,2155.3855,1234049.6,4860.0,2180.3418
972,-11651.137,1145.8038,1830045.6,2048.0,2135.4849,1238874.6,4865.0,2168.8098
973,-11702.512,1065.2797,1828581.0,2048.0,2089.1013,1236767.4,4870.0,2162.3787
974,-11686.914,1246.9436,1843804.8,2048.0,2150.376,1267373.5,4875.0,2162.941
975,-11606.681,617.89465,1770581.0,2048.0,2093.6414,1201503.0,4880.0,2185.3252
976,-11613.801,1353.7465,1847775.0,2048.0,2069.1829,1311902.6,4885.0,2168.3196
977,-11687.264,1361.5452,1855672.2,2048.0,2146.7454,1289148.5,4890.0,2160.4036
978,-11729.981,1388.466,1864366.9,2048.0,2109.1155,1313140.1,4895.0,2153.7944
979,-11686.809,949.06396,1813845.4,2048.0,2122.3752,1230118.0,4900.0,2168.8586
980,-11722.734,1184.6008,1841826.9,2048.0,2186.7922,1261036.9,4905.0,2159.0288
981,-11675.133,1469.183,1866053.5,2048.0,2157.158,1300689.2,4910.0,2158.8184
982,-11694.681,1196.8975,1840988.4,2048.0,2204.4202,1311869.1,4915.0,2161.8235
983,-11717.935,1261.1324,1848900.5,2048.0,2217.5618,1269991.6,4920.0,2158.5981
984,-11664.725,986.7438,1814886.5,2048.0,2178.8884,1278797.4,4925.0,2172.061
985,-11718.504,1320.0525,1854650.6,2048.0,2194.6228,1288197.5,4930.0,2157.966
986,-11656.253,1151.4717,1831584.6,2048.0,2151.4744,1277197.6,4935.0,2167.5073
987,-11639.111,1434.9354,1858901.6,2048.0,2154.9666,1335208.9,4940.0,2163.6301
988,-11677.865,1423.18,1862492.9,2048.0,2252.7798,1361678.9,4945.0,2159.2788
989,-11606.715,1570.1921,1869324.0,2048.0,2173.542,1317602.0,4950.0,2164.2346
990,-11683.031,899.60284,1808541.4,2048.0,2192.8232,1256913.9,4955.0,2169.4785
991,-11650.9,1325.7117,1849808.0,2048.0,2157.6223,1306947.9,4960.0,2163.8157
992,-11712.286,1739.2992,1897655.6,2048.0,2150.9448,1365434.4,4965.0,2149.6582
993,-11619.602,1296.9446,1843226.6,2048.0,2139.7036,1386147.5,4970.0,2170.2913
994,-11680.3955,1685.01,1890171.5,2048.0,2242.074,1366084.2,4975.0,2153.3604
995,-11690.39,1225.8181,1843879.6,2048.0,2228.2402,1315989.9,4980.0,2161.0945
996,-11604.025,1165.6981,1828143.1,2048.0,2153.5244,1300204.0,4985.0,2173.3315
997,-11632.639,1723.8135,1888230.8,2048.0,2181.476,1371611.2,4990.0,2158.3835
998,-11649.449,1434.2795,1860288.4,2048.0,2184.8877,1327984.1,4995.0,2162.8037
999,-11618.11,1117.5895,1824487.2,2048.0,2136.8867,1313860.5,5000.0,2171.6082
